"productid","stars_avg","computed_stars_avg"
"B01JV6ECJ8",4.311320754716981,3.978898103866036
"B00JZ017L2",4.407843137254902,4.163211881156469
"B003DBGUCA",4.33502538071066,4.085257439679698
"B01L4N8NT6",3.9838709677419355,3.634216830329032
"B0884VMYG4",4.333333333333333,4.129452475827778
"B0767ZYK92",4.108695652173913,3.8454746821923904
"B0087S2QAE",4.138755980861244,3.8214260382985654
"B00HK9VEDG",4.666666666666667,4.302426940866667
"B0047H0LII",4.464788732394366,4.018064080212676
"B08R38RNXH",4.5,4.1976590659
"B07D7SGFMY",3.81981981981982,3.570988871436938
"B075S8WM5M",5.0,4.3040964667
"B0049XH0FM",4.072727272727272,3.927510904707272
"B013L0L3YC",4.613333333333333,4.394644131642335
"B01DJE97DO",4.166666666666667,3.937252578266666
"B01M112GD9",3.782258064516129,3.4376272474766116
"B009R3XNVY",4.51010101010101,4.25811323300808
"B0040ZIWXS",4.155172413793103,3.8644241040508613
"B07TS47QNJ",3.8333333333333335,3.6200865079444444
"B00006ICJP",4.0,4.0230944925
"B07XSDPDLQ",4.464285714285714,4.091243525685715
"B000UVR570",4.666666666666667,4.091653907296296
"B0057Y0NOC",4.432258064516129,4.227347456192906
"B00SNPCSUY",3.6933333333333334,3.5362247153
"B000CMDPBM",3.2151898734177213,3.021161730677215
"B083G4XPKL",5.0,4.55216996955
"B0002ATC2K",5.0,4.682187482708334
"B000LEXR0K",4.503333333333333,4.1876346857180025
"B07RKLRM92",4.783333333333333,4.294940090211666
"B00HK8Z1C2",5.0,4.6090240291699995
"B07J5TMSXB",4.116788321167883,3.7196236986036495
"B00007JQP2",3.8533333333333335,3.5789743294470022
"B00GIS82AI",4.166666666666667,4.079539401916667
"B087DY78ZB",2.9523809523809526,2.8709125265952373
"B004LR5K5I",4.456521739130435,4.119698882732608
"B079XZ8SWR",4.8,4.4720098812
"B00U3M4PYC",5.0,4.3034626361
"B00JOLLL2M",4.5,4.285446479743334
"B01LX91NZT",4.5576923076923075,4.169759327901924
"B0006BAWUQ",4.744186046511628,4.499588617077907
"B00L3M6RJC",4.113333333333333,3.8195947275859976
"B004NG989G",4.081081081081081,4.022337298943244
"B0059HJFU0",3.6875,3.481901939539583
"B07L2PKGWL",4.371428571428571,4.171065124465715
"B01N7YC6BX",4.6461538461538465,4.381703297938462
"B00AFX1UV0",4.440789473684211,4.124849251214475
"B0002RNSLY",4.491525423728813,4.121972377440678
"B008PJ4306",4.220338983050848,3.9541145652903933
"B01MZIWR28",4.0,3.8664293130777767
"B079X8ZJK7",3.0,2.659467695
"B084JG1NPV",3.616279069767442,3.348755355061627
"B009NLJM2E",4.666666666666667,4.323040427285186
"B07J4GJJ5B",3.973333333333333,3.683175010703
"B078Z2LTL8",4.166666666666667,3.9444693562777777
"B07FD24RTR",4.630952380952381,4.270343133833334
"B000Y87PME",4.722222222222222,4.411712406130555
"B078G7N3JQ",3.230769230769231,3.000099401438461
"B07HRDHY2G",4.214285714285714,3.9790352666178577
"B00HK9SFAG",5.0,4.19333413176
"B003KY915I",5.0,4.763413540444445
"B07F7WJN9X",4.833333333333333,4.511513965255556
"B000WEIIQC",3.57,3.287655023794001
"B08L2843BD",4.571428571428571,3.2784536095
"B004XGLDTY",4.296666666666667,4.02007616437667
"B004K690RO",4.36,4.1825247605466656
"B000Q65AY4",4.348837209302325,4.0206169751023255
"B003DDD4G8",3.8795180722891565,3.7044459652987953
"B000UDL8AS",4.726027397260274,4.304128388541096
"B0036NMVTQ",4.818181818181818,4.622907448605455
"B01FV8JMQI",3.9285714285714284,3.495191964628572
"B07DTFF16C",4.711111111111111,4.444687515617778
"B08NQH1Z66",4.563218390804598,4.220563559849427
"B00IYSRVMU",4.958333333333333,4.709304167683333
"B01MZAIZ5N",4.375,4.2648104974625
"B0068AF32Q",4.625,4.321812750854166
"B08NJF86YH",4.67,4.298916154725998
"B07T3RBXWT",4.537313432835821,4.077746176765672
"B079M2BTQ3",4.611111111111111,4.258755672368179
"B00G36G7WU",4.592964824120603,4.353857870989948
"B0084GX1JO",4.6909090909090905,4.264980789458183
"B08P4N49S6",5.0,4.68578426915
"B00MMKAM5E",4.076666666666667,3.6835889589960007
"B0765Z528G",4.385964912280702,4.047284800253507
"B06XG37T4R",4.2727272727272725,4.072193516387272
"B009D4HQA6",4.8125,4.66109307555625
"B078YJCDZQ",3.5,3.3362097962583337
"B003JH7ZMC",4.8545454545454545,4.478817576878184
"B07QGPB9HJ",4.068965517241379,3.873244219082759
"B0040ZOFC0",4.4523809523809526,4.183967902355954
"B000KJXL8O",4.2898550724637685,4.112928033252174
"B08M6ZKJFW",5.0,4.6707881569
"B07R88VF9J",4.0,3.6455162448799996
"B001E96LVS",4.324074074074074,3.989094384311111
"B01N3D3GQP",4.555555555555555,4.2989223073
"B001HYKD8M",4.388888888888889,4.119574519268518
"B07D1BV3DR",4.375,3.98020625058
"B002WN335C",4.5,3.079914379575
"B07YZ7Z95T",3.6984126984126986,3.430719277728571
"B07PXTXGYP",3.8,3.7365520240933336
"B002W6ZVMC",4.809523809523809,4.3354546301952395
"B082VFS7ZW",4.55,4.119596378026667
"B001AI4HQY",4.557575757575758,4.343358580823635
"B07NGRLNB8",4.733870967741935,4.423601200692739
"B01969N3NG",4.666666666666667,4.06181157145
"B08R3922Q5",4.5,4.1976590659
"B00982XLHK",3.2,3.2435818672399996
"B016UQ2YN8",4.171597633136095,3.7855104896443805
"B004RMDMVG",4.484848484848484,4.16235946978788
"B00HSJCPXQ",4.928571428571429,4.489205927221429
"B00F97FHAW",2.993333333333333,2.880875097408331
"B00U8HRQZW",4.3076923076923075,3.9198973378730764
"B06XFBDFJX",4.645161290322581,4.321722249177419
"B076QPN519",4.482142857142857,4.096829174587499
"B0040ZOF66",4.86,4.484503862278
"B07QJL7FTK",4.571428571428571,4.175667108642857
"B00C70RFUY",4.0,3.857898202175
"B01MRAA3H3",3.75531914893617,3.4223369292755326
"B082QB23YG",4.339869281045751,4.015897739935948
"B07CGKWP9L",4.638888888888889,4.235231282126853
"B08W5F2H15",3.5652173913043477,3.1757098017565224
"B000MCZJY8",4.45,4.134281277055
"B08RK43V7P",5.0,1.9027489817
"B071L8JDX3",5.0,4.4057274126
"B000CQQKNI",4.652892561983471,4.342936725800827
"B00RC2VV52",4.406593406593407,4.023525870385163
"B08QTDTVFB",4.542857142857143,4.006875465511429
"B077NL7KT8",4.803108808290156,4.293037499794817
"B084ZJ6541",4.532110091743119,3.9218457763128454
"B08BG35833",3.76,3.3998666327000002
"B088FWSZQ6",5.0,4.2619395575666665
"B082VSYX39",4.394736842105263,4.135411204189474
"B08JGYF5W1",4.316666666666666,3.8600939871289985
"B07SDR58YX",3.4516129032258065,3.3018559099819367
"B07J49C4VC",3.81875,3.4483833736700014
"B07MQG9N1Y",3.973333333333333,3.6888360791173356
"B07Y8ZWYDL",1.0,1.1347111563
"B004KKXANA",4.83,4.472190740723335
"B01DW5Y29E",3.0,2.1548644664
"B0198Z87H0",3.6666666666666665,3.3816090585999996
"B07PP6GRNZ",4.615384615384615,4.101248061384616
"B084J977ZG",3.616279069767442,3.348755355061627
"B07W3MBB9T",4.48,4.194253717143666
"B00009R6H2",4.645833333333333,4.341746264532293
"B08R5PMKTT",3.6,3.2076281810599996
"B079W72LCG",4.16,3.6853674818055984
"B08971WC8D",4.726666666666667,4.44755711745333
"B07PQHLRWP",4.2025316455696204,3.8116701659974686
"B00982Y3NQ",4.69,4.440961994208336
"B01N1VEDTV",4.529411764705882,4.128186303358824
"B07Q8JZKSH",4.473684210526316,4.015561910301754
"B07HM7B825",4.337209302325581,4.054517284639536
"B07DR5GTQD",4.672566371681416,4.242698625802655
"B08BHV3KY7",3.2,3.2627719179600008
"B085JSJZ9T",4.735294117647059,4.4275163860117654
"B088TL81GM",4.671428571428572,4.33522169685
"B00P6RCOKQ",4.496688741721854,4.361700267949668
"B07K6W68YZ",3.235294117647059,2.998427833344706
"B005V2C2JO",4.4523809523809526,4.369348889980951
"B07Q7G4RVV",4.142857142857143,3.3805462287428574
"B07QQZCXVJ",3.8518518518518516,3.5572335068814813
"B07R7XNH3Q",3.7857142857142856,3.6095927091178575
"B08NPZBVJQ",3.5945945945945947,3.333993771578379
"B081BPJFT9",4.208955223880597,3.9033639122343273
"B07TMQDDMP",4.463414634146342,4.111081549765855
"B0085S0612",4.113333333333333,3.8195947275859976
"B082WZ8NGZ",3.7445255474452557,3.3273601326058397
"B0741SYZTP",3.0,1.2448488264
"B01BGLFJ9S",4.045751633986928,3.715220798815035
"B0030DQJ36",4.771428571428571,4.651395557217144
"B07HRF326P",3.6923076923076925,3.3373132960846164
"B0089OVNY6",5.0,4.5178407709
"B07ZJ7R629",4.0,3.7159472830750007
"B071NQ9G3Q",3.435483870967742,3.320989007645162
"B085GLYYCB",4.428571428571429,4.233765755342858
"B01D4AR578",2.7222222222222223,2.671322812911111
"B072MKT2S2",3.7115384615384617,3.4008601950076924
"B07KMPNG3G",3.7222222222222223,3.593718342972222
"B06XHD4N9Y",5.0,4.5604197771
"B004RMDU2M",4.7,4.207034027360001
"B01D3G8I0G",4.608333333333333,4.182649876579166
"B00895U9B8",5.0,4.9857998139
"B083994VPK",3.234042553191489,3.17817538078617
"B015IN7YV6",4.6875,3.8908226836125004
"B01FU2BSE4",3.3333333333333335,2.59213154565
"B07N7YV5GN",4.4298245614035086,4.11657668203421
"B08921TM3W",5.0,4.7668637028
"B07YGXST2H",3.0545454545454547,2.716783627201819
"B07VFKZ16Z",3.4166666666666665,3.1568733806516667
"B07GJGJD9M",3.8904109589041096,3.568946697996576
"B000MT94QA",3.453333333333333,3.1953496406383315
"B074GS543S",4.48,4.194253717143666
"B08V1MTRG7",4.75,4.680625065575
"B0002AQ38G",4.451923076923077,4.257803178044231
"B007K9CW9Q",4.809523809523809,4.628117240250001
"B07YYNPSYR",4.421052631578948,4.016582247721052
"B00SE71A50",4.192771084337349,3.8878145174072287
"B07BR6DBTT",4.676470588235294,4.284177612238235
"B001VJ1VZC",4.596666666666667,4.152941181182666
"B07MXMTT2L",4.172413793103448,3.9190586820103444
"B01M5H4JG5",4.067961165048544,3.760663665443363
"B01ND4A1YN",2.0,2.0129859896
"B07L4Q3MVY",3.546666666666667,3.3124840997116642
"B00FAIOFK8",3.34375,3.2123032959328124
"B011LS71EC",4.642857142857143,4.4584803469
"B00GGJILJG",5.0,4.169392176881818
"B003CP13Q0",4.111888111888112,3.716593728619579
"B08M4CSZRQ",5.0,4.41513457265
"B000VB2XKI",4.10377358490566,3.913746877661321
"B07PYFNCV9",5.0,4.40235930601111
"B07DGT5ZVX",3.566666666666667,3.3052192289456714
"B07W3QRB35",4.666666666666667,4.362018326817283
"B083B3N5M1",3.357142857142857,3.1237174124285714
"B005FGLK08",4.8320610687022905,4.405778644232061
"B004UHQD1O",4.927536231884058,4.712972980856519
"B077NL6SPQ",4.821989528795812,4.301059093139789
"B07SJVNJRL",4.1,3.808951745982998
"B07VPF2RBX",3.5929203539823007,3.2557471616424785
"B00I03EOU6",4.514705882352941,4.357371457460293
"B07TN1RS34",4.48,4.196423804300001
"B0843H1WDQ",3.6382978723404253,3.348876292934043
"B000EH4UXM",4.185792349726776,3.874271278928963
"B08399D8LZ",4.282051282051282,3.811438232710256
"B082VFZD5K",4.55,4.119596378026667
"B07D1C7RFJ",4.259740259740259,3.9674339157220793
"B00700NFDW",4.7272727272727275,4.460603072972727
"B07H3DSW99",4.466666666666667,4.2718158271333335
"B07M99KM8M",3.877049180327869,3.5082687991401635
"B0040ZOFA2",4.2,3.85578607236
"B079VDVL5N",3.0,2.226844335366667
"B0002UHVHI",4.6,4.385589012674999
"B00XVKHBMG",4.01,3.830155051956668
"B07HR6H34M",4.086956521739131,3.845931181223912
"B0759RB3LK",3.5166666666666666,3.2818872814956688
"B0006OM17A",4.0,4.001549831
"B001VSYDYY",4.387096774193548,4.35774706540645
"B00RKO6TEU",4.478260869565218,4.288297621208696
"B086X7QKHD",4.324503311258278,3.962684696385432
"B08CWCP5GZ",4.35,3.881275162495001
"B08CLWQY27",4.0,4.4079668703
"B072FVHRZ1",4.303333333333334,3.9390534764576652
"B00NHFV8CY",4.026315789473684,3.704337208119736
"B08B1TPGPC",4.636363636363637,4.341732666981819
"B004GIFIMW",4.447761194029851,4.174584276491542
"B0784BRN38",3.5,3.5870167456999997
"B076BWB6MY",4.888888888888889,4.642192292408333
"B005KSQBOQ",3.193877551020408,3.0267761497346948
"B005CJ01IA",4.419354838709677,3.9051390269435493
"B00BGHNGFC",3.2,3.21865466782
"B07MD3Y3N2",4.421052631578948,4.119957616442105
"B0013G31B0",4.316666666666666,4.018755109728333
"B013HXY21E",4.324022346368715,4.1005628177094975
"B001CLR60S",4.25,3.54079044925
"B091Q8JQKW",4.545454545454546,4.039082146798183
"B07MWTGQ97",4.48,4.009666855131999
"B08399LKT3",3.316872427983539,3.1948431362666656
"B002IZDO6C",4.090909090909091,3.877751280645455
"B07VFQF9XW",4.5,4.39541994145
"B07P6H2B9D",4.037037037037037,3.6844681351851856
"B00DHPF6HC",4.5,4.2653891580653855
"B00GZG13AY",4.75,4.5588290833
"B07L67CZZR",4.625,4.110686224225001
"B00UCHB5SW",4.265822784810126,4.031990958710129
"B00589DZKU",3.6033333333333335,3.311476864896332
"B00BCGSFGM",4.368421052631579,4.308733924568422
"B004NG98A0",4.385057471264368,4.23414081470747
"B001P2JBXO",3.8947368421052633,3.599536182405263
"B01JOWSODY",4.290322580645161,4.04624307291613
"B07MP5T6DB",4.337078651685394,4.1246516757696625
"B000BGOFCC",4.65546218487395,4.3107672962958
"B00L9GI5RY",4.383561643835616,4.116633011736987
"B01DGXJ828",3.7818181818181817,3.3041501797236372
"B00QMQMST2",4.141843971631205,3.7259839840177302
"B084DQ4YVX",5.0,4.740453636853334
"B07QGG8YYZ",3.8955223880597014,3.5796541924626855
"B07NQCGKGB",5.0,4.146288347128571
"B0044S88EY",4.64,4.408002037559999
"B00NY4HFJ8",4.555555555555555,4.19595332228889
"B00O260I8M",4.456310679611651,4.237379692774274
"B07MXHGLRY",3.2941176470588234,3.0888822164882352
"B00S16ZHIA",4.722222222222222,4.346329430277779
"B0006SV65E",5.0,4.671423629325
"B002ZG8HD4",4.489473684210527,4.19844856003684
1452164908.0,3.888888888888889,3.5385988447444445
"B01KKHS04K",4.561290322580645,4.21767492794645
"B0084GWWNU",5.0,4.9362871131
"B00BFIPR4K",4.8125,4.30494886459375
"B083M2GP97",3.9029126213592233,3.6339813761873794
"B0059HK8JW",4.433962264150943,3.9753904729264145
"B0015615HA",4.28,3.7651028157560003
"B01GUFGNG8",4.0,3.6756146964522607
"B00V4KWNSM",4.593333333333334,4.395654241010667
"B07DT6ZCPS",3.625,3.4805098661875
"B0119FXTOS",4.378787878787879,4.1665234051196975
"B0085KZPCU",4.488636363636363,4.124128826372346
"B01FM8I2N6",4.555555555555555,4.3083306865
"B004I2EL1U",4.75,4.600329833669445
"B07BB3244G",4.885350318471337,4.641456098764333
"B082QBPDJB",4.322222222222222,3.9317255210100015
"B07J49C5JX",4.029239766081871,3.6061774170812857
"B07RJ18VMF",4.386666666666667,4.066248941509
"B01H4ZJU4U",4.866666666666666,4.659693939193333
"B07W6RWKNN",4.683333333333334,4.318374292691668
"B00FBR3RE8",4.258620689655173,3.9707152366413796
"B07KBQQ82D",3.2533333333333334,3.0262362780466665
"B01M294KX7",4.29,4.052931771911002
"B08L871G1X",4.407407407407407,4.0611500864648145
"B007NEEHV4",4.3428571428571425,3.8636489363057147
"B07GX819LX",4.888888888888889,4.712868951866667
"B00149PZV0",3.8620689655172415,3.5273606519413794
"B07CL6S692",3.830188679245283,3.5614029849000004
"B007N6QWM4",3.9411764705882355,3.8206070527470595
"B01N800EPM",5.0,3.9841138991
"B003U4U3YQ",4.609302325581395,4.28057448982465
"B073751DMJ",4.028169014084507,3.844274556452816
"B06ZY8QKXM",4.590062111801243,4.357371355934783
"B00MJ4UXQG",3.81981981981982,3.56700306735135
"B07GM4KYCK",4.636363636363637,4.261885910627273
"B0815566MT",4.285714285714286,4.014581074585715
"B005V0E1A4",4.466666666666667,4.243716698010001
"B002NH6F02",4.204545454545454,3.8557401967742417
"B07D14GFPR",3.6923076923076925,3.325043471043589
"B00004TR4Q",4.476923076923077,4.14263000917154
"B076VZHB58",3.9925373134328357,3.7409343884403
"B08ML7J5SG",4.315068493150685,4.127562983842465
"B07RD76M8V",4.327014218009479,3.933627209234121
"B0877C3JJ8",3.064935064935065,2.8564388659337663
"B07NJQH1WZ",4.158139534883721,3.7763678023613965
"B07G4KZYSX",4.75,4.320974388957691
"B07TJJ1QD2",4.714285714285714,4.438763933209524
"B00BP8UPLA",4.108108108108108,4.00386502234054
"B088HG6BBS",3.3333333333333335,3.8282401003333333
"B003X277AS",4.888888888888889,4.478410534000001
"B00IMAL0PY",4.424242424242424,4.214985029990908
"B077PSK6XC",3.0,2.471982141
"B000LRGG1Y",4.617886178861789,4.25938631045122
"B072N9D8TK",4.676056338028169,4.3802957213
"B07RQ2QCPH",3.8823529411764706,3.747375414152941
"B00006ICJQ",4.0,3.9941789376
"B00WBZZ7K0",3.8181818181818183,3.497933404509091
"B07CJXV1MZ",3.9562043795620436,3.4509258342598526
"B008Y2R8Q0",4.597938144329897,4.429980471365981
"B08JH93SHW",4.236363636363636,3.8147868723609086
"B0057V9H88",4.456666666666667,4.190410165704999
"B000V97ZB2",4.108695652173913,3.969820589395652
"B01MUHMMZ0",3.9245283018867925,3.820188460183018
"B07D163XZR",4.125,3.657698463185417
"B0052L7N1Q",3.0851063829787235,2.930955861863829
"B000HUJKRM",3.8911917098445596,3.706203343792746
"B003F0PIEU",4.090909090909091,3.860110173927273
"B00CICLTAI",3.9752475247524752,3.7721060232821775
"B06XQCLKLN",5.0,4.806265652066667
"B073VX6DFH",4.352941176470588,4.10970707854706
"B0017TKE8G",4.423333333333333,4.081848349618669
"B07DPJDCFH",4.4,3.82625287157
"B000I1E9JY",4.095238095238095,4.004825161642857
"B07WLNQKGJ",3.7058823529411766,3.3504477919372544
"B07WC6T94H",4.071428571428571,3.768111137019047
"B089ZGR7J6",4.6875,4.2585559410875
"B00AXYD3PM",4.726666666666667,4.392630650367332
"B00OKJGP74",4.19,3.9119274129050012
"B000X8EGZE",4.621359223300971,4.309018498806796
"B0013GCYRM",4.253731343283582,3.8832651593585816
"B01LZIOO5R",3.962962962962963,3.4314454016185185
"B08B3PCLPN",4.833333333333333,4.460690717432406
"B07P6YC61F",4.3125,4.111801954803125
"B07QGG8DXG",4.631578947368421,4.336520120699999
"B00CYBXKR8",4.36013986013986,4.131242698115387
"B000LDBKIW",4.227848101265823,3.9111196630835448
"B003EEV13Y",3.35,3.29467828048375
"B08CWNKJ5R",4.35,3.881275162495001
"B0016KG78C",4.585365853658536,4.163530843982928
"B00004TBJF",4.48559670781893,4.258835884882715
"B004D2DQCU",4.546666666666667,4.069251802726001
"B01NA7NYKH",4.666666666666667,4.125506637841666
"B07TP4YM1F",4.470588235294118,3.992639624739216
"B077TWXCQV",4.086666666666667,3.6630950792279986
"B00LP3XSQ4",4.445887445887446,4.021754127181386
"B00BFIOG42",3.5833333333333335,3.4875651560555574
"B08666CX9Z",5.0,4.38239425185
"B000L7JYTU",4.981481481481482,4.6248675411481495
"B07D19ZNWX",4.440677966101695,4.098974226137288
"B0002LNB6C",4.528735632183908,4.194364213572415
"B08CGQ7LT7",3.869565217391304,3.4477798711782603
"B0055F55O6",3.63953488372093,3.4551869806476745
"B01MTQZWO5",4.590909090909091,4.39272743290909
"B07YY4KRLQ",4.0476190476190474,4.028083865185714
"B08B3RQTT6",4.266666666666667,3.793234584968333
"B083VY5GVN",4.464285714285714,4.045670078410119
"B0013GBQEY",4.1506849315068495,3.8631696565972593
"B07DK167S1",4.4,4.1773107532700005
"B0046C9VQM",4.944444444444445,4.426538212177778
"B083PP6YD5",4.55,4.29922078928
"B00YPJ85LS",3.554140127388535,3.305995619493631
"B00XRDGR2C",4.597222222222222,4.314794492687501
"B07D14DTNG",4.2615384615384615,3.8043610893430775
"B07YP68WXR",4.294117647058823,3.8812620699500013
"B07N7X4TP9",4.4298245614035086,4.11657668203421
"B0198BQFGE",2.473684210526316,2.757853045589474
"B082QBM463",4.523809523809524,4.156741175085713
"B01M7O5TJS",4.228571428571429,3.90443067258
"B07NQCJ4N8",4.262711864406779,3.7073347802101684
"B07YM11KLN",4.5227272727272725,4.23011484018409
"B002A6AFDY",4.2823529411764705,3.9956108784376463
"B07PWHG5VQ",5.0,2.5700300931999998
"B085898579",3.78125,3.5576420005656244
"B08MBQ4W6Y",4.705882352941177,4.344827883117647
"B004FO1OU2",4.4,4.203976988237892
"B08K3MXZCZ",4.863636363636363,4.378327831581819
"B009T8LFJO",5.0,4.1445883651
"B00B2VC49Q",4.506666666666667,4.178577810581334
"B004OA668W",3.86,3.67448139322
"B08XQX8HGD",4.25,3.5682333086
"B00MTB5Z9Y",4.772277227722772,4.574401349255445
"B07MY5RJZQ",4.0588235294117645,3.561543627064706
"B087F5N13G",4.090909090909091,3.7400562509727275
"B009NVCTG0",4.756756756756757,4.5747108135783785
"B002IXCE3S",4.2388059701492535,3.856275770632837
"B0882CJPG3",4.0,4.6004859826
"B07HSF5HTX",4.326732673267327,3.925788313958085
"B00FZ2Y4EG",5.0,4.480174855783333
"B0779BY2QK",4.324503311258278,3.898709023945696
"B087RTRDPY",4.769230769230769,4.1093818652692296
"B005E9K0DY",4.0355731225296445,3.785602691943475
"B00700PPVM",4.571428571428571,4.180794086421428
"B085GLS5R2",5.0,4.694368175815385
"B07W4RLZFR",4.75,4.289034100016667
"B001S98EBO",4.496815286624204,4.203896797415925
"B083KM478W",4.044444444444444,3.6783588216483327
"B0002AQ1SI",4.349397590361446,4.0420251467963855
"B086KBK6JN",5.0,4.68580971175
"B00IYSRYFO",4.351351351351352,4.159194656316217
"B01CYTFDQK",2.75,2.6842027214
"B012P5FW8C",3.62111801242236,3.5172591296919253
"B01M9GSSJW",3.6245954692556634,3.354814967868609
"B01MV7AOZD",4.636363636363637,4.281198690272728
"B00096J7TU",3.0,3.3916838150500004
"B000NWAOHE",3.6,3.4181657484103334
"B07Y1N5PFC",4.060869565217391,3.805563816613914
"B089247QYM",3.966666666666667,3.750045161546667
"B07ZQZVMRX",4.392523364485982,4.073999379736447
"B06ZXS7HT7",3.646153846153846,3.4155437034261555
"B07M8SYHP2",4.944444444444445,4.572063374779629
"B00MFW3CD8",4.236286919831223,4.003885899020674
"B00CP6WLHW",4.327102803738318,4.176809913804673
"B00NPT8REO",4.43,4.08155661621667
"B00DM27H4K",3.792307692307692,3.524678320077694
"B004UAU7SQ",4.09375,3.593648219275
"B0009YHRMG",4.298387096774194,3.9639139067854816
"B005KDDWAM",4.694444444444445,4.468410859909721
"B07QNR9CF4",4.12,3.955719098252
"B00XJL6DC6",4.684210526315789,4.107637826052631
"B01M0BI7IR",3.6470588235294117,3.3666690158647063
"B0044SCRFU",4.6,4.367423074625
"B00718W5GQ",4.723333333333334,4.2717973519126655
"B07QTHHGZL",3.546666666666667,3.3124840997116642
"B01HZMQ2UC",4.5,3.146112371
"B087RTGTRD",5.0,3.5997309014
"B00THMXOXW",4.0,4.104137962
"B0198GQPYG",3.5,3.1680388637300005
"B07N9JZ3ZM",4.130434782608695,3.67047497767174
"B001GN6M16",4.857142857142857,4.24745593435
"B000JLK5PU",4.623333333333333,4.243752780190334
"B003IS24JG",4.6461538461538465,4.402842956610771
"B00LOU6EZK",3.4615384615384617,3.5464834562153857
"B079NMFRVR",4.101851851851852,3.652647071609258
"B071Y88GDG",3.83125,3.6300426678212494
"B0055FV0ZE",4.888888888888889,4.6463495540499995
"B082VSXML3",3.4375,3.2664393085875
"B07KQVZN3S",3.9366666666666665,3.659587663723002
"B07GJLFTH6",3.9034482758620688,3.5829374276551733
"B002TSA948",4.189781021897811,3.8974480705485415
"B07DCBQKKF",5.0,4.6955209576
"B01INSAD0M",5.0,4.0554643784
"B00GM4Y59U",3.9375,3.5366785367875
"B08BLW4DSD",4.102941176470588,3.79391912974853
"B00CYRLGKK",4.148148148148148,4.056597664181482
"B009B1BUBW",4.246376811594203,3.8065562085550724
"B076HFFX3J",4.212121212121212,3.912541604477271
"B01HUZ7KHI",4.778846153846154,4.413509768383653
"B07Q49H5YG",3.973913043478261,3.7114265432608673
"B07F7VTR2K",4.5,4.218064821783334
"B00FGDTV9M",3.7115384615384617,3.504766128938461
"B00ZQE49Z2",4.739130434782608,4.3017284103043485
"B00RLVRHES",4.203125,3.9822242251109374
"B076Q7GTZ5",4.933333333333334,4.803660342206667
"B00IY538V6",3.6166666666666667,3.417174924858334
"B001H54T4K",4.265625,4.0240970232718745
"B0829QYB5F",5.0,4.4600788603
"B0040M62KQ",1.0,1.7124947887
"B006R9ONBA",4.9375,4.63595243865
"B07J4XVMBC",4.761904761904762,4.311541904285714
"B072HCFWRT",4.1433333333333335,3.8629424469286664
"B082QC9FWW",3.8425925925925926,3.612432239221297
"B08L85RD6G",4.407407407407407,4.0611500864648145
"B00QIUXVY8",2.1403508771929824,2.286959957803509
"B003C0189M",3.6710526315789473,3.500658564522367
"B00WH31P0M",3.627906976744186,3.4675959413529065
"B08GPRDTXZ",4.923076923076923,4.382463636230769
"B08B2878LB",2.810810810810811,2.778489069240541
"B08665SC34",5.0,4.6420677354999995
"B011HY3CEI",4.346666666666667,4.117775158198667
"B07WW1N4CN",4.168918918918919,3.822878374464864
"B009NOVH56",4.6,4.31921033396
"B0068MXGRS",4.354166666666667,4.0600072729979155
"B00155Y3WA",4.25,3.9747100736250003
"B07YY4N52L",4.0476190476190474,4.028083865185714
"B0895XQH7R",3.3333333333333335,3.8988193997333336
"B071XTRPPT",3.9172413793103447,3.5738807142827604
"B006ZR92SS",3.3209302325581396,3.293596926386513
"B01DCG0BNY",4.413333333333333,4.030085127369998
"B088WMW7BR",4.7,4.3388349840375
"B01NBAZCJN",4.336956521739131,4.1307039102652165
"B011LW5N8Y",4.833333333333333,4.619777189116667
"B08PFNNKCC",4.833333333333333,4.342004780516667
"B001D4OT5E",4.622950819672131,4.268706615185246
"B00065UDI8",4.8,4.504347607335001
"B017K35B2G",5.0,4.797758555914285
"B00BDGHIC8",4.4,4.148927605433333
"B07SBL659M",5.0,4.9510848436
"B07K6GHL24",4.368888888888889,4.06534237759289
"B004XZHR4K",4.630252100840337,4.22110103234958
"B01IZ5FDNA",4.16,3.7550092439580007
"B009D4I8OO",4.428571428571429,4.201133723071428
"B071SD2NM8",4.565217391304348,4.427031522960869
"B07JFFSY1N",1.0,1.2036914506
"B011LVPN0I",4.944444444444445,4.602637932305555
"B005XK3R02",4.683673469387755,4.4318940556836735
"B00C13Z6UI",4.0,3.69096399317019
"B079DBG1D8",4.652777777777778,4.328057902511112
"B01L2FTY9Y",4.511111111111111,4.256449472981111
"B000CPCBM8",4.333333333333333,4.244291864974074
"B075NQHTKQ",4.716981132075472,4.300637638541507
"B00982Y30Y",4.2592592592592595,3.991807313137037
"B08D2RQ63R",4.0476190476190474,3.7004777220857146
"B0002ZWG50",3.6527777777777777,3.451620005943054
"B00BP8UJE8",4.6433333333333335,4.287210747602329
"B07HMHCTWR",4.555555555555555,4.058260033741667
"B01GZWJFCA",3.896551724137931,3.7840584597517233
"B00VH508B8",4.631578947368421,4.257068244292983
"B002MBVUYA",4.729166666666667,4.498238088268749
"B00C0N9HZO",4.815384615384615,4.509390471323076
"B076ZGGDQV",4.292763157894737,4.0415089985927635
"B07YJD9K21",3.1986301369863015,3.06482796754178
"B08C7Q5K56",4.086956521739131,3.8751823188304355
"B00D7M6692",4.163333333333333,3.858434874192667
"B01INE0KAY",3.98,3.754733124122999
"B00526J31Y",5.0,4.199968570475001
"B00L4HBXO0",3.8130841121495327,3.692990346519624
"B07HHRVP7H",4.56,4.1017408851470005
"B004K1YRNG",3.2857142857142856,3.181881086447619
"B071Y8MBZ6",2.935483870967742,2.7410222902232255
"B07J5V7NJ1",4.245762711864407,3.7220600072338996
"B0085GTELM",4.054263565891473,3.7624500424666656
"B077XCJ6S1",4.43,4.089870992132336
"B07GPLCCT7",4.714285714285714,3.854482153557143
"B07F266PMS",4.408163265306122,4.162933392936055
"B074P5N9BD",4.8478260869565215,4.63657021923913
"B007Q1EXYA",4.696969696969697,4.368241250183839
"B001AI0PJW",4.677777777777778,4.43150730055
"B0090BCWQU",4.38,4.143583738259333
"B01H4ZJTPU",4.5675675675675675,4.164542694636938
"B08DVCP5YL",5.0,4.793813045616667
"B00N3DW5Y0",4.6923076923076925,4.480173389379487
"B00RY9BQ9Y",4.0,3.9038394537666665
"B07RCN2BFM",3.82,3.5221910555849973
"B07H9MX9QD",4.086956521739131,3.8115499182608694
"B0014CQA16",4.482142857142857,3.9950770145250014
"B07RHWBTS5",4.031746031746032,3.760063533166665
"B074BDS3S7",4.483516483516484,4.267166436514287
"B082MQ1DPF",4.303571428571429,3.980419752262499
"B005B9CS6E",2.987012987012987,2.943133170219481
"B000GCOI1O",4.95,4.5804691171
"B076FHK3NM",3.92,3.5868774751936683
"B07BKKXRVC",4.245098039215686,3.9370671307179697
"B07JQ9K2NF",5.0,4.7031604541
"B00006ICOT",4.203333333333333,3.9239723505090014
"B003L2RMPA",4.147540983606557,3.8959259570262303
"B001SG76MU",4.515679442508711,4.145252904424741
"B0846GC23D",4.593023255813954,4.197182092681396
"B07D5T1KHV",4.707762557077626,4.43379490539269
"B00BUC7SO8",5.0,4.903643684157143
"B07T4VPHXZ",4.726666666666667,4.44755711745333
"B08D3B8GXX",3.909090909090909,3.6697573126727274
"B00KJ6TNV2",4.4375,4.045203659197397
"B01A8JVB3M",5.0,4.648579001566667
"B00W47RBUO",4.337349397590361,4.036463174271085
"B07YXDVT9W",3.9923664122137406,3.670410810603054
"B01N5D6MWH",4.396825396825397,4.145260115273809
"B07NYQZJZY",4.4491525423728815,3.9369145651237276
"B004OA665U",3.090909090909091,2.8697099947545457
"B07TM5Q939",4.555555555555555,4.170339384922222
"B07LCW7CZD",3.7590361445783134,3.5022728565313237
"B00KL8HQLC",4.553191489361702,4.418402560202127
"B08C715G3Z",4.666666666666667,4.2338362387
"B08BF5GWKZ",3.8333333333333335,3.5239970566972216
"B077NJSWSF",3.3835616438356166,3.0939826466602733
"B07KBGBJWN",4.363636363636363,3.9020079971000006
"B000OQIGA6",4.004347826086956,3.7575792718630447
"B003XU7RLE",4.666666666666667,4.0790402361151505
"B00BQM6XKW",3.736842105263158,3.5043667067789475
"B00BFIQNN4",4.022222222222222,3.758495926563703
"B079TKHC96",3.68,3.397244078142668
"B07SPXZWYP",2.84375,2.7350744368468747
"B081SLXXXY",4.042553191489362,3.666384052372341
"B00HK9A4WS",4.607142857142857,4.437949752621429
"B075LRY5M7",3.272727272727273,3.062727407503247
"B0040ZODAO",4.3,3.8357564633100005
"B07QCQLF73",5.0,4.549454569833333
"B07M6ZCLSL",3.125,3.0331393244875002
"B00DERBW0I",4.3,3.99694845169
"B08CWVD8F4",4.35,3.881275162495001
"B07D3WPTRB",4.0,3.8507443274100006
"B01D8F5FKS",4.181034482758621,3.8902026038353448
"B00NAF2GUY",3.6923076923076925,3.632634408049112
"B07JC8JP5V",5.0,4.5316105781000005
"B0014C440U",2.3933333333333335,2.3331942052716657
"B00M8KBE00",4.2023809523809526,3.9538713941928556
"B000HHS7ME",4.597014925373134,4.056187394158209
"B00IPGU7WC",4.352941176470588,3.884675225035294
"B000FTGBNQ",3.8173076923076925,3.544472497009617
"B079Y7MH6T",4.0,3.5315402023040003
"B0834WMFL9",4.0,3.7233317043214282
"B07DX7T1X5",3.1714285714285713,3.111526386252381
"B01N5CRSU5",4.465116279069767,4.09873325880814
"B0049CK5PK",4.67741935483871,4.337810160370968
"B07NGPK6YL",4.0,3.7107453220899993
"B07TVKQHMD",4.365979381443299,4.1320708211329915
"B07FK4YMVK",4.105263157894737,3.7711156782464914
"B00U2VQZDS",3.9966666666666666,3.7505391520669975
"B003JH7ZSG",4.712765957446808,4.406084043752128
"B0049MIXKO",4.816666666666666,4.446152560370001
"B0001WDDYM",3.1153846153846154,2.966140982932693
"B07PRMJKSS",4.428571428571429,3.914915641109822
"B0859KK5J6",5.0,4.3294428978
"B08FF98D9J",5.0,4.55216996955
"B00982XM0Q",4.6,3.7541098248299996
"B0049EMQEG",4.5,4.083749871940911
"B078VMS7CL",4.867647058823529,4.5508776987441175
"B07H45S491",4.18018018018018,3.7551748675540555
"B075436BJM",4.833333333333333,4.6818970416875
"B01IAMV8ZA",3.1052631578947367,2.847011497442105
"B01CEAVRRI",4.293333333333333,4.053625954053333
"B00CO9VLLW",3.1184210526315788,3.113422709397368
"B087R1Y1LK",3.7142857142857144,3.561837490728572
"B08THC8HPD",4.8,4.629996199340001
"B07911P26H",4.101769911504425,3.601893984991594
"B015RTRNMQ",4.4958677685950414,4.248874860150415
"B00BDGHH4C",3.5277777777777777,3.409450827808333
"B07HKGMC96",4.75,4.516653058095001
"B07G7DWQJ6",3.0,2.7674530031000004
"B08DMX6QPZ",4.682926829268292,4.350072778547562
"B07P7M6K35",3.46,2.9929577892196675
"B08G55L516",5.0,4.372535703933334
"B00CHHJOHE",3.6845238095238093,3.539370390265477
"B0885JHYPS",4.632183908045977,4.202113674552872
"B001CDRH5A",4.4363636363636365,4.100120479854544
"B001ET76AI",4.206666666666667,3.8396032316120006
"B07QWR1L1S",4.055555555555555,3.854812089477777
"B000YM8OPC",4.5,4.250502085362499
"B075JFXRRS",4.277777777777778,3.7545298253166663
"B01IU5ZCF4",4.1521739130434785,3.832686006302176
"B07MZR91ST",3.588235294117647,3.327461027329412
"B07QDQRX7P",4.255813953488372,3.8640281662639526
"B07D16BYVR",3.796875,3.6636376029406255
"B07ZVYMCG8",4.0181818181818185,3.7503362648036376
"B087NFK9JG",4.0,3.9519575965000002
"B01LWPJ5CT",4.482456140350878,4.284939469039473
"B0113ZHYCM",4.176470588235294,4.070059256529412
"B000BARFH0",4.3076923076923075,4.139648776361538
"B08BM98K43",5.0,4.4655644831500005
"B072YTTN3L",4.345679012345679,4.017307909859261
"B00TCR4V70",3.4583333333333335,3.296012178237499
"B01INE0KWC",4.26,3.9239610686800015
"B08TPLGDPQ",4.75,4.46149540725
"B019Y5X6VQ",4.0,4.0081375084
"B07ZZT91XF",3.59,3.2826729871979996
"B00JR6LUY8",4.566666666666666,4.207030456096667
"B07X6MD52J",3.8658536585365852,3.5322433595695126
"B088HDVF7V",4.350877192982456,4.10159865912456
"B01DPLTJVG",4.806451612903226,4.368108555919354
"B07767Z9YZ",4.3125,4.160276321225
"B004N5U7DS",4.4818181818181815,4.232255672916365
"B001B0DBWC",4.142857142857143,4.0884484073
"B01F4RX3AM",4.3522727272727275,4.099621143838636
"B083FN8KF8",3.3,2.90475791584
"B084J4D4G1",4.62962962962963,4.3729328970222205
"B076ZHZ55F",4.833333333333333,4.514940402216666
"B081RPKJN2",4.666666666666667,4.189737892999999
"B00AU6EAWS",4.6158192090395485,4.356519396546891
"B0057FDLDG",4.8,4.537227112477142
"B08DG5L49J",4.0,3.425973098550001
"B0895MSWF9",4.228260869565218,3.934905650906523
"B000MD3EIA",4.359375,3.970878116818749
"B00I3048X4",3.9615384615384617,3.8445512098269226
"B08WBLFCD6",4.346666666666667,4.0741918438933356
"B073GJVRTV",4.08,3.757971202060001
"B0000AYC0V",4.470588235294118,4.179176319464705
"B00HK95O96",5.0,4.6047606850000005
"B004RMDW3Y",5.0,4.556570984033334
"B06Y196WGC",4.503333333333333,4.287423600748003
"B0002AQ1S8",4.413461538461538,4.020088904073078
"B0063W7FG6",4.538461538461538,4.287528877426923
"B00NLGUEEM",3.710526315789474,3.614724003028947
"B07JHDWN1T",5.0,4.8789193114
"B07YLKX912",4.71875,4.04433753739375
"B084HXPMV3",4.666666666666667,4.397512679544445
"B0037XHY2O",4.166666666666667,3.73887155915
"B00JJ63MDS",4.72463768115942,4.385859802133331
"B000QQXAFK",4.554054054054054,4.163013077402702
"B001EP28M8",4.413793103448276,4.09244737541724
"B00VFFR2S2",4.918918918918919,4.350254064862163
"B00U281M4S",4.575129533678757,4.367736639391713
"B01M35JUQU",4.609756097560975,4.311948759690243
"B07K71RW1J",3.690909090909091,3.241679220632727
"B084PMGLYJ",4.36,3.9800075119779996
"B001AI4ERG",4.605504587155964,4.356886713277982
"B07NDMCL1D",4.465116279069767,4.107605482651163
"B005NI4R4E",4.0,3.619841252852631
"B08B26XND4",3.3934426229508197,3.1472429497918037
"B01HOHBKFA",4.428571428571429,4.4915766873
"B078XXP2ZY",3.413793103448276,3.1663319356862067
"B00AANNJHI",4.0,3.9912194967
"B08BL87PJM",4.0,4.595096638925
"B0711B9PV6",4.75,4.499561197375
"B07WPWXVQF",4.733333333333333,4.496748052559999
"B06XRKDR74",5.0,4.8085815946
"B01FRHYLUA",4.0,3.9957605032
"B084PYY9YC",5.0,4.9300617312
"B07D19ZNX9",2.696078431372549,2.45464564290196
"B06XYNDDVQ",4.4375,3.9451272498479155
"B07HKFRTVC",3.689655172413793,3.538483335151725
"B00B5GSNOS",4.117647058823529,3.8500807421558827
"B08Q2L6192",4.357142857142857,3.892554800064286
"B018WIOBXS",4.02803738317757,3.7948493774514036
"B077PSKNC7",5.0,4.79874578325
"B0002IGCLQ",3.624113475177305,3.4415354939588663
"B005XK401C",3.0,2.9791217533541663
"B003X277BW",4.944444444444445,4.645577083644444
"B077BWD2BB",4.7765567765567765,4.502956810884247
"B0073OC5KE",1.945945945945946,2.337345787313514
"B07D3W5FPZ",3.923076923076923,3.4593812046538455
"B00BJEICDS",3.5789473684210527,3.425304803808949
"B00ELS3PQI",4.403100775193798,4.1183640557395345
"B07JGN1ZLN",4.607142857142857,4.323373235451786
"B082G2GS72",4.764705882352941,4.1832723441411765
"B0040ZOF6G",4.884615384615385,4.602105198476925
"B07FK9RRQH",4.75,4.343722898975001
"B08FKHLXNH",4.416666666666667,4.0521819958166665
"B00BUBUKB2",3.730769230769231,3.690973358342307
"B00002N60O",4.4366666666666665,3.8403909540749996
"B01FM8IMEA",4.583333333333333,4.0436631728500005
"B082VYRNJS",4.083333333333333,3.765406121797222
"B088WFC2J8",5.0,4.9442451611500005
"B00DIW8A9A",4.114285714285714,3.6650764179171436
"B086LXWLPJ",3.125,3.1541487844875005
"B00D2VUUJA",4.683673469387755,4.439281866733672
"B0762LYFKP",4.306666666666667,3.8565415373080025
"B08NXXM9F3",4.542857142857143,4.045220222514286
"B07Z478X1L",5.0,4.8815056439
"B019GZJST8",4.340909090909091,4.169243868625002
"B01LX4DUC4",3.782258064516129,3.4376272474766116
"B01MXPSWUT",4.686567164179104,4.319541283562687
"B089QSWZVC",4.555555555555555,4.571759342088889
"B08C9MDNHN",4.363636363636363,4.183401725454545
"B07F119MDM",4.0,3.9473612466571435
"B001W6RILA",3.9565217391304346,3.998597406121738
"B08CJ2YZNQ",4.1,4.20023216223
"B00D2VUN7E",4.373333333333333,3.9694587569496687
"B071H6PRVV",4.590062111801243,4.357371355934783
"B006K1U8A0",3.6458333333333335,3.327028582
"B01MXDRX4Y",3.9,3.636429437781337
"B00537FDSY",4.717391304347826,4.486666518745653
"B0040ZOFBG",4.706666666666667,4.278240341336001
"B00IK56R4A",4.792207792207792,4.343378697867533
"B002M3NGHM",3.918918918918919,3.6506601023837835
"B002MCZA40",4.654054054054054,4.117757185916215
"B0029SQJW4",4.3478260869565215,4.220908359765217
"B07D1BPT39",3.8620689655172415,3.5971768070931036
"B01FR9ZUIK",4.0,3.6117001560000004
"B06W9GPFNK",3.7333333333333334,3.405205825466666
"B07KFWNVTT",3.527027027027027,3.2570838644162152
"B00MJ4V9FK",4.510204081632653,4.061583055346939
"B07S2H9PFJ",4.0,3.897238396566667
"B076ZHKH3L",4.523809523809524,4.237571067619047
"B07HRRCN8Y",4.149253731343284,3.914336569543283
"B0771V9GBB",3.2,2.9072854133933332
"B0006VAGN4",4.571428571428571,4.236301620578571
"B07MB3NNGN",3.9375,3.387066764565625
"B08G4ZFR8G",4.611111111111111,4.249628202694445
"B07RXPHCSR",3.8603896103896105,3.5232742841094162
"B07D15KQKG",3.6403508771929824,3.328991290698245
"B08CB7X81Y",4.25,4.3484388563375
"B003H3P7OG",4.482352941176471,4.204047943571765
"B07WKM8FH2",4.19,3.8530102623446676
"B08HCJYQDF",4.195652173913044,3.787031966376086
"B00TTD9BRC",4.183333333333334,3.816900498742999
"B07DBJLZ7T",4.6,4.336054884932
"B084XH75CV",3.8333333333333335,3.5402731019000004
"B0779BTPQW",4.324503311258278,3.898709023945696
"B077NJSWSG",4.802083333333333,4.290762029238019
"B01MXPMIPG",3.742424242424242,3.2700653786636376
"B07QFRSG35",4.739130434782608,4.516251629333696
"B07XJ7Z8YY",4.0,2.8764755772
"B0039PCFSS",4.818181818181818,4.6065913762909085
"B01N0K3Y28",4.3602484472049685,3.942891897391927
"B07KL5K96X",3.014705882352941,2.8148095943433833
"B01MCXYUJF",4.421052631578948,4.068361231189473
"B00030L4Q6",4.794392523364486,4.448961054288784
"B07N71CX4M",4.451612903225806,3.8468785980967737
"B0000AXRH0",3.4,3.2695064655314288
"B01I5OG4WA",4.511363636363637,4.251710352651136
"B01LWSRELL",3.782258064516129,3.4376272474766116
"B01M0RNI63",4.25,4.276454370925
"B002XFFANC",3.5964912280701755,3.378093293528072
"B07NJPSHMD",3.02,2.694205588142999
"B00AU6DLAA",3.9074074074074074,3.720227928275
"B0876XCZGS",2.0,1.1125709669
"B00MEDOY2G",4.29,3.931434429347001
"B009D4I24A",4.0,4.8522759107999995
"B082FZBHMH",3.588235294117647,3.305599327929412
"B01LZAN652",4.242009132420091,3.9451325041940635
"B087G7X8XY",5.0,4.297081661875
"B000WIH0DA",4.514285714285714,4.3827782605194265
"B001429EHI",4.607843137254902,4.402995872635294
"B005BFN15U",4.676056338028169,4.3364735266169
"B07VD7FLYL",5.0,4.730230534885714
"B07624441D",3.25,3.33958749245
"B08C97QZHK",3.0,3.4584973660500005
"B017610BFO",4.573333333333333,4.044744496479001
"B01E6ZHOBC",4.8307692307692305,4.625754647864616
"B000T1ZJOM",4.578947368421052,4.4317478598105255
"B00BYFQV3U",4.285714285714286,3.655998507328572
"B086YK22DL",4.0,3.4183541071411767
"B08J74TNXW",4.478260869565218,4.183603330943479
"B07WHHSP7M",4.286666666666667,4.010211791893999
"B082QBSJ6L",3.625,3.4587448289708336
"B01HOH5SOY",4.458333333333333,4.256436036060417
"B07P614MPP",4.5,3.9522086207071423
"B07TKXZL7M",4.309523809523809,4.061054737732143
"B002UC8LZW",4.211920529801325,3.842709033153641
"B08XQWRKNN",5.0,4.525795642219999
"B0009Q2PE4",4.815384615384615,4.42635238377846
"B00KR8LO5A",3.4634146341463414,3.415311523301221
"B0734X13XZ",4.297872340425532,3.9055799130425526
"B0002563MW",2.6033333333333335,2.580252502048334
"B07DX9XD8N",3.1714285714285713,3.111526386252381
"B00G773LRY",4.0,3.7219207801499996
"B000BKC2EG",4.894736842105263,4.364683998015789
"B009NUFS28",4.222222222222222,3.9151853886866674
"B001QKBMMS",4.25,3.7599813671125
"B07FYGLQ21",4.695652173913044,4.3545336779956525
"B00KQS2NGK",4.0,3.35459394768
"B000GCPW9G",4.532934131736527,4.108201100973053
"B0057PDQ7C",4.603174603174603,4.323006493925395
"B08B34HWKV",4.384615384615385,4.038688522307693
"B01ACINBLE",4.714285714285714,4.418703313240476
"B00ITFBANY",4.7534246575342465,4.236879286443837
"B009P8K602",4.6033333333333335,4.392681696636004
"B00D8GXG0O",5.0,4.15769015015
"B00LTX81B2",4.655502392344498,4.329776655603827
"B0741SYZTJ",3.942857142857143,3.7024337276485726
"B006RNSPYM",3.984126984126984,3.6684397462055545
"B009B0UGF4",4.5,4.4764798554
"B08XQX55TC",4.0,4.243411819825
"B071VMLTT5",3.9871794871794872,3.624967844571795
"B08DMXLCK3",4.695121951219512,4.371241672661586
"B000CPI6VI",4.696428571428571,4.374397212936075
"B082QBYY9V",4.033333333333333,3.6846951142339974
"B019ILS3OQ",4.351351351351352,3.9923010910243235
"B08BW3TQ2B",4.2727272727272725,3.9384289095636373
"B08RRQ8GVF",4.0,3.539457953525
"B07MF1TDMM",3.9195402298850577,3.737062166998852
"B073P58C1K",4.310344827586207,4.233131336717242
"B01GKBZEX0",4.6976744186046515,4.345113773332558
"B00HK8ZFD2",5.0,4.2724282574
"B00U3OIY10",5.0,4.45499137405
"B091FJG2K2",4.824561403508772,4.561011740703509
"B000JWK5YK",4.7101449275362315,4.49249492969855
"B07HR9SZDS",3.6153846153846154,3.419669928863636
"B012T2CRXY",2.2142857142857144,2.3346792961357146
"B004CQ9DOM",4.282051282051282,4.134478201465812
"B07D15PTNJ",3.9692307692307693,3.628523844307693
"B08936CZHQ",4.0,3.1358979108333336
"B004YJ0TUY",4.011494252873563,3.745459570617819
"B008RLB9W2",3.3857142857142857,3.1704561268214295
"B076YD3M1G",5.0,4.764924209849999
"B005AYQ28U",4.098591549295775,3.8790457841591577
"B08DTT878T",4.628571428571429,4.296546633400713
"B07DQVLBWZ",4.25,3.9464780607562497
"B08G51PM4J",4.43859649122807,4.017044791780702
"B0899QQWMP",4.92,4.63466130264
"B00J4OITME",4.303030303030303,4.010140234178787
"B00I3CZ5KW",3.438311688311688,3.3074637506048714
"B084DMP67N",3.909090909090909,3.684125112405194
"B085565X2N",4.086956521739131,3.894599174091305
"B0040FFNX0",4.735294117647059,4.4712920771485285
"B07WJYTJM4",4.605263157894737,4.107287152397369
"B00MIYN9A4",4.1466666666666665,3.9396125164840026
"B00PW9NHFY",4.585714285714285,4.218613735211429
"B087NN88Z1",4.733333333333333,4.336050561238522
"B0049H997K",4.05,3.950627005580001
"B089CHVJZZ",4.597014925373134,4.325702652261193
"B07FR9JXX6",2.1538461538461537,2.3142620918038466
"B009D4HSPE",4.888888888888889,4.733543924955555
"B0029NYQRY",3.5289256198347108,3.3641194932623963
"B084ZPG1HZ",4.461538461538462,4.2082162645076915
"B0057I8CAA",3.80672268907563,3.676528429094117
"B07815JVMX",4.555555555555555,4.378550664505556
"B0049H997U",4.8,4.3112736521
"B01M1KQHM7",2.8366666666666664,2.744921356395998
"B01FNAXNKK",4.333333333333333,3.7246886716999996
"B079PPD48N",4.1,3.808951745982998
"B073WQYZ1L",4.294117647058823,4.048129210129411
"B07DJPC8JB",4.613636363636363,4.234558677956169
"B07PQHLKGF",4.245762711864407,3.7220600072338974
"B0040ZOF70",4.516129032258065,4.288345812309676
"B07BDP3J41",4.5177304964539005,3.9232800973638295
"B017LXVY0I",4.375,4.282386476854167
"B00L67Y0E8",3.6056338028169015,3.523058268007042
"B08CFRJN45",5.0,4.550955789433334
"B000JIJ3H4",4.153333333333333,3.9225199793393326
"B002QWSHYQ",4.136986301369863,3.961961898667124
"B081NHXTF7",4.0,3.7793267228499996
"B071RFLQDW",3.106382978723404,3.091598617407802
"B07G84HP3G",4.257142857142857,4.0788351936457135
"B00GD2HYQW",3.915422885572139,3.768475208357714
"B0059HJQZO",4.0,3.9293356326125
"B07RX1B633",4.158576051779935,3.7736938303478973
"B006PV157U",3.9393939393939394,3.826884503433332
"B088KLTCQ3",2.992857142857143,2.8436990448167845
"B002XJOKNY",4.173684210526316,3.8696294732957868
"B07KF692R9",4.037974683544304,3.7535369634050646
"B07P7M239S",4.419354838709677,4.209861609267741
"B07L8HDHLY",4.777777777777778,4.364331941574073
"B01DFNOBRG",2.0,1.3020432542
"B011LWTGGE",4.714285714285714,4.570992843171429
"B0002563MM",4.076666666666667,3.736255218976002
"B07D1B1KJF",3.1145833333333335,2.9464494942770822
"B07RC1LDPF",4.082191780821918,3.897683238297261
"B082VSLQBK",4.394736842105263,4.135411204189474
"B07CTKJZ59",4.7,4.250260934252001
"B072M1W7Z2",4.536363636363636,4.2811485749118185
"B009OHMKN0",4.439024390243903,4.273497207145122
"B0068Q31HO",4.0,3.7622745782000004
"B072MKP3G1",2.769230769230769,3.0330843592307692
"B00XA2G6U8",4.314285714285714,4.24967786023714
"B08DYBW1HS",3.0,3.0567242134285713
"B00MFW3CI8",4.6875,4.404053562352083
"B08765D5RJ",4.6,4.320617975266785
"B07S7G4LPD",2.9047619047619047,2.8075548142809525
"B076ZHRSNW",4.666666666666667,3.7762099008666663
"B07K7PTBV5",4.685185185185185,4.4108324618574075
"B000HM6FG4",4.0,3.675406199630356
"B07TM5XKL7",4.21875,4.073525663193751
"B085ZB4K6M",4.923076923076923,4.42684113766923
"B07MYQFMHW",3.391304347826087,3.0852438701086964
"B07MCV61SV",5.0,4.8309778765
"B07HRBP19N",4.566666666666666,4.32428914385
"B08NMZBNN4",4.320754716981132,4.031111019907548
"B084ZPGNPR",4.214285714285714,4.024843210307144
"B00DG8EZY0",4.391891891891892,4.089777694701803
"B008F8ZLHQ",4.605263157894737,4.286126787665789
"B08G9K79FC",4.316239316239316,3.887065826072649
"B00AMHFYKC",4.0,4.080226473925
"B08HFYP4X6",4.18562874251497,3.9255895599598802
"B07S1F917N",4.6033333333333335,4.330034916217334
"B08HYJCLFJ",5.0,3.8376673284500002
"B003BNOW5M",3.8666666666666667,3.654375601473333
"B086RRK1S5",5.0,4.573814514
"B07HMJNYFS",4.337209302325581,4.054517284639536
"B071XF4DN7",4.589041095890411,4.319432462123286
"B002NJMWZ2",1.0,1.43961792235
"B07QB86PBL",4.324324324324325,3.981586179462162
"B07VW4CY47",4.4,3.8981562124712
"B07YY4WZJ5",4.125,3.9456300441499996
"B00S16UN1Q",4.8,4.4335327621200005
"B089646PFM",4.736196319018405,4.369127563773617
"B07YXG4SKJ",4.551020408163265,4.020247960116327
"B079VC2FYZ",4.666666666666667,4.249327705033333
"B00UZJS38C",4.387254901960785,4.170304796923039
"B0792HCFJR",4.356020942408377,4.095101266630889
"B08PNG2XJ1",5.0,4.79424067172
"B07NLTM3V1",4.282608695652174,3.7934170120021746
"B071GW1B9D",4.875,4.698644830824999
"B075X39KW7",3.4095238095238094,3.1566611725038087
"B07T6BWNHN",4.601851851851852,4.021662060759257
"B07F83JRP2",4.222222222222222,3.9525012102222226
"B086LPKCQ6",4.042857142857143,3.6165631494685715
"B0716F7B5V",4.235714285714286,3.8992512119778575
"B000YME6WC",4.5,4.187590729920347
"B07S8F5PTQ",2.9047619047619047,2.8075548142809525
"B01E12JA3U",2.763333333333333,2.740100053312668
"B07HRJRD5C",4.384615384615385,3.9603774224489547
"B005CJ0AX6",4.621212121212121,3.9746804554499997
"B071L8D3HT",3.7083333333333335,3.464787089849999
"B08DDYN4GB",4.3319148936170215,3.914084845860424
"B00V9TREAK",4.84065934065934,4.612410738044503
"B004BOQL8Q",4.560975609756097,4.312877537655402
"B07NQHZJS2",4.5,4.190764247316667
"B07VTBD7V4",4.2727272727272725,3.9777691393363637
"B0085S19D6",4.22,3.7719703481909974
"B00B2AZV2O",4.870967741935484,4.645628058489249
"B087PTD593",3.25,3.22967214275
"B08V1DLQRP",4.833333333333333,4.739888115583334
"B007KQEEL8",4.421052631578948,4.104702852530264
"B084CXMJNC",4.012987012987013,3.728909540164934
"B0002DK9D8",4.475,3.9562108974916645
"B071G6J4CP",2.769230769230769,3.0330843592307692
"B07D3WD9F7",3.2666666666666666,2.9396018001333335
"B009D4I9C0",5.0,4.9860037625
"B0040ZOD9K",4.17,3.914539709581999
"B00700SLZ4",5.0,4.6555131505750005
"B00HK9LT8Q",5.0,4.6090240291699995
"B07J5TMSX6",4.428571428571429,3.9149156411098223
"B07F6Y7VRC",4.51,4.118193529154001
"B00IYSRTEK",4.03125,3.99205227814375
"B00TL9U358",3.111111111111111,3.1063290844244458
"B01MSSDEPK",3.66,3.3639407595810003
"B01JV6ECI4",4.311320754716981,3.978898103866036
"B0040ZOEYY",3.4896907216494846,3.2078198395659796
"B07WPR2L3L",4.741379310344827,4.456631455818966
"B01ITAKG6A",4.6,3.796799075729999
"B07VHZPBZ3",4.279220779220779,3.8687046489227277
"B079PGPW89",4.396739130434782,4.025519961807611
"B005MF3JPQ",4.17877094972067,4.018531949687707
"B00DIW8Q3U",4.631578947368421,4.130647530115789
"B085LT8L6G",4.365853658536586,4.056086470217074
"B07QX2L7K5",4.7,4.17932747122
"B0002AST9W",4.397196261682243,4.087622799869158
"B07N8GPJ1T",3.625,3.3446181006027773
"B06WGR7XPQ",4.576271186440678,4.353648780066103
"B002XK0NIY",4.758620689655173,4.463441475951726
"B08L4DMQ6M",4.693333333333333,4.361146039902003
"B001AI4H46",4.677777777777778,4.43150730055
"B07895WDFG",4.4495412844036695,4.233568196415597
"B001HVFOL6",4.153846153846154,3.8419508884711533
"B07XQJ5X32",4.084905660377358,3.8035019111000006
"B07NQCNHX6",4.75,4.681957122325
"B07NWSX3KS",4.5,3.58259346005
"B07W6RY12T",4.0,3.69387958895
"B000GAZ7IO",4.716981132075472,4.505527489941511
"B000WQZCQO",4.043333333333333,3.7964614242946677
"B00TL9U8P8",3.357894736842105,3.1991435262694723
"B0882DPLVG",4.75,4.25335419525
"B01B4PPM3O",3.56,3.320726264953333
"B074W23HBV",4.63973063973064,4.4020052462835
"B00IYSRT1S",3.9523809523809526,3.8734671791880957
"B008CGX4AW",4.2105263157894735,3.9679203019105267
"B00002N8AI",4.636666666666667,4.309218258739668
"B08924B6MK",3.966666666666667,3.750045161546667
"B009D4SZC4",3.066666666666667,3.04884828088
"B08CPHDF29",4.101321585903084,3.7361417418132175
"B00JXFREES",4.49,4.338776143331001
"B004RM6T2K",4.147540983606557,3.8959259570262303
"B082DYZ544",3.757575757575758,3.429280678860607
"B00005B9FV",4.337662337662338,4.016986951012013
"B00A34GP52",4.623333333333333,4.275467762490331
"B006JZ09XS",4.453703703703703,4.255397851182408
"B000SO2F4C",4.2727272727272725,4.004962648045455
"B00HX4F94S",4.288461538461538,3.798528531796154
"B08BSWZJ2Z",3.782608695652174,3.790163957486957
"B001E682CC",3.8333333333333335,3.5947025031749997
"B07FCQRN9K",3.46,2.9929577892196675
"B07STH2LJX",5.0,4.721911221775
"B0084JO6MC",4.285714285714286,3.8905115476142855
"B004RILMZS",4.0,3.76570622662
"B01N3TUZZ3",4.2,4.20713404288
"B00EJ5UD18",4.56,4.371252394550665
"B004BE9AMA",4.270833333333333,3.978586847245833
"B009NRZ4PM",3.7109826589595376,3.5902955456236993
"B07FY46D6Z",4.149425287356322,3.8032759642183906
"B00GTKF9JC",4.722222222222222,4.483965571033333
"B07W7W8S8F",4.6433333333333335,4.287210747602329
"B07R5773RS",4.65625,4.0176840167947905
"B00700TEC8",4.714285714285714,4.412493093928572
"B000I80SGU",4.485714285714286,4.19968944435143
"B01NC37AAI",5.0,4.840237550933334
"B07D3VH658",3.769230769230769,3.3785432498923083
"B07T9JV956",4.1673306772908365,3.869087130345417
"B01FR7XLR4",4.706896551724138,4.187553203203449
"B088FH3ZMZ",1.8888888888888888,2.197974926911111
"B00IYSRT9U",4.111111111111111,4.035661666855556
"B01LWIRH5D",5.0,4.369293158514286
"B072ZK887F",4.356020942408377,4.095101266630889
"B00GZG13CW",4.75,4.5588290833
"B001E6DMKY",4.597222222222222,4.1625586167541675
"B004FR26OW",4.0,3.77786531955
"B006395O9O",4.0,3.676705908413794
"B000QE7F26",4.147058823529412,3.8017385696122576
"B0876WP9XM",4.2,3.9519378046199996
"B087QGD9G7",4.909090909090909,3.814562802327273
"B071227Y5B",4.785714285714286,4.671117995935715
"B07ZTSZ4H7",4.666666666666667,4.239794525683334
"B07MBQPJC2",4.291666666666667,4.05197167295
"B004HUSKXI",3.744186046511628,3.3644448841348837
"B00HXLQXGO",4.333333333333333,4.227188889414814
"B07YF7L3PM",4.3076923076923075,3.618244380976923
"B0733CR8K5",3.27,3.147643946057999
"B006M5ZC5A",3.971223021582734,3.787614112391367
"B079TM5LPD",3.2,2.96169533976
"B0089OV1FM",5.0,4.807126869683333
"B0056JBEZ0",4.705882352941177,4.4085597174647075
"B00BFIQ3QQ",4.5,4.7897155897
"B07FR2LJYQ",3.1403508771929824,2.9476397528210514
"B08D9LYJZH",4.5,4.034680481845456
"B01D1IKH8M",4.5,4.329938299675
"B08JR55G1X",4.571428571428571,4.015641846249999
"B082HSPP5M",3.9302325581395348,3.7260367368139544
"B000ET9L52",3.8181818181818183,3.8916654539272724
"B07CJZ889K",4.073333333333333,3.62934091858
"B00XA2G4ZA",4.604081632653061,4.44746314166898
"B001AI4GY2",4.677777777777778,4.43150730055
"B084RGZ719",4.285714285714286,4.224844355685716
"B07XHP6X5M",4.2,4.056504836620953
"B0741XXT94",3.347826086956522,3.1829752696434785
"B079TCVPTX",4.421052631578948,4.028185510094737
"B001AI4GWE",4.677777777777778,4.43150730055
"B00F4CKIFG",3.5454545454545454,3.300910046109091
"B085GM213G",3.9166666666666665,3.7097106083333333
"B00EJLMI7Y",3.683333333333333,3.4886917607993313
"B078GGHM1R",5.0,4.4538104383
"B08998GD3J",4.566666666666666,4.287635799033334
"B0012YXV04",3.7222222222222223,3.7153148841722228
"B085NP398B",3.7333333333333334,3.561815898897778
"B0040ZOJ7G",4.111111111111111,4.202774259894445
"B0052WG0EG",4.735294117647059,4.538795801170591
"B002DQY776",4.253333333333333,3.868878389321
"B00D2QKZR2",4.4,3.986721621305714
"B07WGWPR6V",3.0,2.997167139093751
"B0040ZOKYS",3.619047619047619,3.322249595909524
"B01EMYW7BY",4.285714285714286,3.9739799603964294
"B00CELQKR0",3.6145833333333335,3.501063094116667
"B08BW3TQ2D",5.0,4.537601388577778
"B00S175OBE",4.25,3.3313234241000003
"B07MC52ZRZ",4.44,4.179482808948
"B00EWO4LIC",4.619402985074627,4.283710008124627
"B07Y47P31Y",3.942857142857143,3.667410189794286
"B001QKFG48",4.3861386138613865,3.872473361749506
"B005HO0AR2",3.84,3.4748529615870014
"B06XS1Q9C5",4.631578947368421,4.242301963672181
"B08449Q6V9",3.5945945945945947,3.333993771578379
"B07FQTSWQQ",3.0,2.7692162593285716
"B000E7D394",4.634146341463414,4.291380105320734
"B01G2EQ67S",4.712871287128713,4.206553147717821
"B00OQKSDFY",5.0,4.3469549464125
"B00FA085W0",4.541666666666667,4.273498781833334
"B009RVGC1E",4.666666666666667,4.069094285399999
"B002K9KVH6",3.6933333333333334,3.3713384486729985
"B01DWCHV90",4.466666666666667,4.157303683246667
"B00DRC8PEG",5.0,4.617547717963637
"B07RC8JHWS",3.7857142857142856,3.6095927091178575
"B08FZQ28RT",4.75,4.182404086775
"B0857JG4ZZ",3.3703703703703702,3.3845516390259265
"B011LWH4Z4",4.2023809523809526,3.9285600246119055
"B07JG9ZWS2",4.35,4.2168551254699995
"B00895XUMS",4.553846153846154,4.265993678487694
"B0169ZDNGM",4.814126394052044,4.59186334730223
"B00144892M",4.506976744186047,4.173645949253952
"B07JP3M3VD",3.41025641025641,3.1756424548769226
"B08FC3CL6D",4.25,3.6941376046
"B075FZGFD7",4.5,4.2159834187500005
"B0889YTRDY",1.0,1.2004444845
"B00BOSMTD8",4.246666666666667,4.039477367594668
"B000RWHNM4",4.622641509433962,4.3873071548471705
"B017P3ARYI",3.883116883116883,3.6146255589350647
"B00UGNAGZK",3.0588235294117645,2.839523663429412
"B07VDMKDL4",4.782608695652174,4.447089808334782
"B00LY2XFOQ",4.0476190476190474,3.8788435426952383
"B01BVRVJ5A",4.7514450867052025,4.429663922095378
"B00ND5XJQG",4.512315270935961,4.307284946823644
"B00U0N86ZI",3.8666666666666667,3.6506079973420014
"B07H3MGKLF",4.596153846153846,4.342412349538462
"B08929BJ83",3.736842105263158,3.412298541221052
"B01FJG5HFW",4.0109289617486334,3.7180732280885236
"B0014CXCMG",4.12,4.085343913332
"B000HCR89W",3.8,3.404204051429335
"B01CDL30D2",4.675675675675675,4.391173527077028
"B08T8LHL38",4.457142857142857,4.201686517831429
"B00E9ZFBII",3.8566666666666665,3.5663620052659994
"B08GFZT7CY",4.466666666666667,4.058558245273335
"B079ZPP44J",3.875,3.8037649202
"B00H9ZSS1M",4.678571428571429,4.348321620885714
"B07T1DC3QX",1.0,1.8120145941999999
"B07GT8R37H",3.533980582524272,3.2909393822300967
"B08WRK3FPP",4.388059701492537,4.089942311000001
"B00D2VUWE8",4.804347826086956,4.593127869880434
"B000UC5R92",3.789473684210526,3.7193740179999994
"B010RAWJK6",4.327272727272727,4.067771169317272
"B000HVVCO0",4.717391304347826,4.307223027710869
"B07S8Z88NB",4.333333333333333,4.041177904366667
"B0040ZOD68",3.6666666666666665,3.2497575705990003
"B01EMZ0V7A",3.9885057471264367,3.8104774613540218
"B07NN2CFDZ",4.583333333333333,4.200866997772333
"B07Y2ZQ7L4",3.6029411764705883,3.3882297086602935
"B08MB7JWJH",3.6666666666666665,3.5948109600166664
"B0823YDCWF",4.285714285714286,3.814204081537265
"B07YLB5GQZ",4.585585585585585,4.165587563652253
"B008VU1PLE",3.5,3.1434441797099995
"B01N12Z2RI",3.2,3.3144057753599996
"B084WRCKM1",3.242424242424242,2.8270076993
"B08BB4HXT3",4.282608695652174,3.868930300802174
"B07V3NRWT6",4.445026178010472,4.058999741937698
"B01BF6V1N2",4.0055555555555555,3.70844837293778
"B07T9D7Q7G",4.617940199335548,4.3394667725478415
"B00ZI7OGBY",4.5394736842105265,4.302994141272367
"B08YRGF8RP",4.423913043478261,4.165415334113042
"B07MXB85S3",4.644670050761421,4.196279591292389
"B08FF7FB1M",5.0,4.55216996955
"B000VCS5NQ",4.097560975609756,3.690854048928051
"B08CGV168C",4.333333333333333,4.201904258944444
"B07N3T4WMX",4.888888888888889,4.76511305925926
"B07P75W4T3",3.4277456647398843,3.264371784827169
"B0160YZRPW",4.6875,4.42414276451875
"B017P3B0W6",4.245901639344262,3.898982944223771
"B07NSC4MYQ",3.682926829268293,3.22660883767561
"B08MVH4CTX",4.076923076923077,3.8416527659153847
"B07BFLPLKV",2.3333333333333335,2.5251822203333334
"B075D31NYY",2.857142857142857,2.5228675237
"B081DNDLQX",5.0,4.7918051144
"B00FMWWN6U",3.18,2.8955468246890006
"B01N9Y0WB9",3.5225225225225225,3.4237919590981956
"B007ZLN75C",4.622222222222222,4.381275641746667
"B07W5RLDT1",1.6666666666666667,2.2113068102
"B005KS6MJU",4.491228070175438,4.234723627340352
"B0002DGNQK",3.658333333333333,3.4231417342841666
"B0016C3STQ",4.743333333333333,4.320173168169333
"B00JR6M4BQ",4.642857142857143,4.167399077267858
"B01C6CTT1K",4.636363636363637,4.331641824842857
"B072YT9KXW",4.4338235294117645,4.134122904630148
"B005IHSKYS",4.657894736842105,4.066174114270398
"B082VYF778",3.0128205128205128,2.8331084719038455
"B002VL7YB4",4.2368421052631575,3.9988560305228065
"B01N3R4SD6",3.7857142857142856,3.5292224111571424
"B00BIRJ7TY",4.494623655913978,4.271577293208603
"B088S1685Y",4.101321585903084,3.7361417418132152
"B001CIEJRO",4.526041666666667,4.12000122946771
"B0741Z6NP1",3.7757009345794392,3.6820928570953257
"B003L2UQJO",4.147540983606557,3.8959259570262303
"B000052YJI",4.0285714285714285,3.7918314319799995
"B085552QQB",4.818181818181818,4.6824660990090905
"B007PKE298",4.621621621621622,4.376410480043243
"B00ISSU8B2",4.5,4.1290230925874996
"B00KQXEB24",4.685714285714286,4.338846946111428
"B085JXWCBP",4.413043478260869,4.124895830436955
"B07V9LRQD9",4.6033333333333335,4.330034916217334
"B004SEZHZM",4.3125,4.06941629963125
"B001GN1L8U",4.8125,4.424016552626562
"B001AZFA0O",3.68,3.3308910301670007
"B007ADI41W",3.9344262295081966,3.8142621731655746
"B01LQV5MUO",3.661764705882353,3.378392803452939
"B0026S82YU",3.34,3.0401368739910004
"B019XFH7XA",4.625,3.9348324762625
"B009D4I4OI",5.0,4.4044446051
"B084JBNSGC",3.616279069767442,3.348755355061627
"B08PGX64ZV",3.754385964912281,3.413318878264912
"B001GN6QQW",4.766666666666667,4.181557647496666
"B01M062WLG",3.888888888888889,3.917811054088889
"B00L40GCXY",4.2272727272727275,4.008431190072726
"B01H10JUL6",3.6103896103896105,3.439512113590908
"B07CJXV1M5",3.9297297297297296,3.6142710401086475
"B00BNOQKOC",4.03030303030303,3.918994629852524
"B00D2VUMY8",4.801801801801802,4.483236588818019
"B001AI4HNC",4.666666666666667,4.463236548078573
"B007JZD8TO",4.08641975308642,3.799114294849382
"B077NHYCPD",4.290909090909091,3.971980276067273
"B003IR4NLO",4.7745098039215685,4.308031507089217
"B00ADTG7TG",4.642857142857143,4.339539981675
"B005FNJ1ZW",3.688888888888889,3.4665438550622216
"B00RW2V8J6",3.689075630252101,3.54333490397143
"B084D5G9ZR",4.382352941176471,4.000857751111765
"B0876X458R",4.2,3.9519378046199996
"B079PNYVJW",3.876190476190476,3.713234599119047
"B07W8ZQGM5",4.258064516129032,4.078166776883871
"B079MYYWBB",4.781512605042017,4.335518223767227
"B07MB3NNGP",3.8285714285714287,3.5286336009257133
"B07H3Z7B11",4.0394736842105265,3.7005286192236837
"B001UC7M62",4.166666666666667,3.8080928082766676
"B01G2EQ5WY",4.292035398230088,3.870481457105309
"B078H656WC",4.595238095238095,4.266876633182143
"B01K9TAWFO",3.62,3.1151725210759995
"B07PJJP6V6",4.25,3.991602611066666
"B001E6BVMK",4.24,3.725325844828997
"B00IB4BMDQ",4.38,3.806535399575664
"B01DXYMQ9M",3.8,3.519700559079668
"B007QQVTGU",5.0,4.8123970412
"B01HEVBJHK",4.206896551724138,3.9626443177689654
"B08MMFMSZW",4.4,3.7742799803533336
"B015SV101S",3.786324786324786,3.6170419954188024
"B00700LOE4",3.9411764705882355,3.8206070527470595
"B0040ZOFSO",4.826923076923077,4.586429023230769
"B00SB4R4J2",4.043307086614173,3.804523513531497
"B00U1H92QU",4.5,4.3714510872500005
"B07W5RMB4T",4.258064516129032,4.078166776883871
"B009Z3A1AM",4.351351351351352,4.212665456664865
"B00HX4FDOY",4.142857142857143,3.7055736971057147
"B004U3MBNW",4.807017543859649,4.534263940031579
"B005C4WRS2",3.8672566371681416,3.5562258952876116
"B07WJYKH52",4.3478260869565215,3.9879917613434785
"B07R6NHSGC",4.082191780821918,3.897683238297261
"B08RD4TZ3H",4.08256880733945,3.69511386877523
"B0003YMTOS",4.790697674418604,4.422972178444185
"B07Q7BX8VY",3.897727272727273,3.554074582016479
"B07W7VNRKN",4.442028985507246,4.132160803013045
"B000WLG0UQ",5.0,4.7693818955000005
"B08NQD4FBW",3.7033898305084745,3.2824048714898324
"B079YBXCDF",4.431578947368421,4.145319070762103
"B07H4T44DG",5.0,4.105483273
"B00Q2MYPHY",4.414285714285715,4.231790935764285
"B071HG8HZ4",3.891304347826087,3.575640763495653
"B00NMPK7QW",3.3679245283018866,3.165983720314152
"B01KBIYOIE",4.371681415929204,4.211607919081857
"B00VYYVRPS",2.933333333333333,2.9565177005800005
"B00K08OQKM",4.083333333333333,4.005488327058333
"B000I1MC7A",4.27536231884058,3.9851750910768127
"B000ZHIKL4",4.4375,3.9710947642351564
"B004Z1J6XM",4.354838709677419,4.196259847564516
"B00BFIQVVI",4.857142857142857,4.759883185342858
"B07MJCNCPJ",4.458333333333333,4.311828751016667
"B0882BB2JM",5.0,4.7624391932
"B019EXCS2Q",4.301526717557252,3.8908625380996185
"B01IQXXUFO",4.025974025974026,3.7275350673438297
"B01NCUIII2",4.328990228013029,3.9093212573185645
"B00700M402",4.666666666666667,4.6284629956
"B06XDLX8S4",3.4444444444444446,3.2829301575333334
"B01H4ZJTW8",4.5675675675675675,4.164542694636938
"B0002Q81Y4",4.619565217391305,4.35995300801196
"B01DW5YT0G",2.411764705882353,2.4879710633588235
"B0794N16ZD",4.196666666666666,3.9841467905206636
"B06XP2W1SH",4.7,4.1564371179799995
"B00982Y232",4.636363636363637,4.465218958945454
"B00HSJCV2G",4.888888888888889,4.5286107688
"B01M0V6JTJ",3.6136363636363638,3.534313065202272
"B075R8VXBM",2.0,1.2516090155000001
"B0876YP33H",3.1666666666666665,3.008518907925
"B08SS8K692",5.0,4.2330744202
"B00GB807DK",4.625,4.394980503768751
"B000KZCDUK",4.6716417910447765,4.450739659571642
"B07QC831ZS",4.324324324324325,3.981586179462162
"B07N6XWVWT",3.6515151515151514,3.3842728176393937
"B075X2LLWF",4.025316455696203,3.8399097348367097
"B00EZNZDTG",4.811320754716981,4.481654290464151
"B008RT8QD4",5.0,4.6090796733
"B0876YZB3K",3.0,2.80917266032
"B08CK1T3LL",2.857142857142857,2.811597335242857
"B003UPPJIA",4.243243243243243,4.1217725282081075
"B0014CV2IW",4.183333333333334,3.9450579331126656
"B00P17YN0K",4.4423076923076925,3.9118354659807695
"B00L453LMO",4.821428571428571,4.547685153382144
"B08BW2GHQP",4.478260869565218,4.177024747609783
"B07WJYQFZN",4.086956521739131,3.845931181223912
"B07G3M2G82",4.157894736842105,3.798532420689474
"B01H4ZJQ76",5.0,4.582549632545454
"B00AQURFUW",4.16,3.8570250985439998
"B08GLFW3Y7",2.9,2.69393767552
"B0181EDCZ6",3.7133333333333334,3.3527952384696675
"B08DWYL6N8",4.625,4.1743866871375
"B01G4ZLU62",3.896551724137931,3.4428976169586205
"B08XYBMPXH",4.882352941176471,4.452889392958824
"B07215SDHV",3.826923076923077,3.473239901869231
"B00IWSHEB0",3.1666666666666665,3.1498835367444453
"B01MU4YQ8U",4.317880794701987,4.0117773554086105
"B07FYG327Z",4.319148936170213,3.7609208191340424
"B00BUBUS96",4.882352941176471,4.670137772758824
"B074WPP68W",4.538461538461538,4.18926507597033
"B01DW5YT1K",4.7368421052631575,4.231818512463158
"B088MJ7LRP",4.833333333333333,4.082649057433333
"B07W81VNZD",2.5555555555555554,2.079415168988889
"B079VP6DH5",4.5,4.5423497123
"B082QBFMSY",3.8425925925925926,3.6124322392212957
"B07CYCB8JL",4.636363636363637,3.8366235654727263
"B07VVLGQB4",4.045454545454546,3.8153334161924235
"B009L9K7JU",4.101449275362318,3.8820097877695647
"B01ACI3SGM",4.451127819548872,4.233466243843609
"B00BUBAVJI",5.0,4.652327636781819
"B00C1I2OZS",4.614814814814815,4.387965864311112
"B08CRZ7WFB",5.0,4.7104790772000005
"B000MD4YO8",3.6,3.30214773763
"B0044S92NA",3.801282051282051,3.5644570667455135
"B01EBG4ITW",3.2295081967213113,3.1955516483852455
"B08MQ8F4K3",4.71875,4.033348427825001
"B07V9YKJHF",3.5,3.6427025989833335
"B08FF8J9SD",5.0,4.55216996955
"B016OI8F44",4.444444444444445,4.108933797348889
"B0896MFFJW",4.319587628865979,4.039910455718557
"B002XGY06O",4.4,4.203976988237892
"B001UHI6GW",4.5,4.244251500852084
"B004GC8DF2",4.395973154362416,3.99382217238792
"B074G824JL",4.382716049382716,4.044848727397531
"B07H2BNGN3",4.575342465753424,3.895812470552056
"B07H3R6GGB",4.228260869565218,3.8889659143010866
"B082891T8H",5.0,4.3011659854
"B009L9JRQE",4.916666666666667,4.539047693008333
"B005F6BI1Y",3.8944954128440368,3.619031456646328
"B08DMWQ4N4",4.695121951219512,4.371241672661586
"B079ZGZD66",4.766666666666667,4.438195439429999
"B01IAIBTF8",4.2560975609756095,3.813796669948781
"B07DBJ5XCX",4.333333333333333,4.232515310511111
"B00950CICE",4.026666666666666,3.7937786014126673
"B0002ZWA60",4.036036036036036,3.63856227055135
"B087QGWK6N",4.09433962264151,3.6651758291849053
"B005IHT33U",4.5,4.246696754232354
"B008H15YO6",4.23943661971831,3.9721538885000016
"B071VGZ283",3.435483870967742,3.320989007645162
"B00U3FTTFE",4.333333333333333,4.148603455783333
"B0747MM849",4.428571428571429,4.278765475566667
"B072L6KX6S",3.8214285714285716,3.853666241060715
"B002WN32YE",4.674074074074074,4.174063044810366
"B015HFI4VY",5.0,4.606194906708333
"B08Z2VHRFC",3.9285714285714284,3.363669640845239
"B01E0DWENS",4.377777777777778,4.142811102168889
"B086Q57BVY",4.708333333333333,4.3562103320520835
"B0198BQL9A",4.4,4.03765737822
"B081566N26",4.333333333333333,4.028277799816668
"B01MR6QTKL",4.633928571428571,4.396518203599107
"B00858PWR0",3.5714285714285716,3.6170371598619044
"B08CVVVG18",4.083333333333333,3.8308471086166658
"B07964SRBL",4.7215189873417724,4.287614162050633
"B002C86CBO",4.0588235294117645,3.963250732279412
"B08TW4RL4Z",3.6666666666666665,3.550131839166666
"B0014BOZ14",4.590909090909091,4.370798305481818
"B01HODORIQ",4.16,3.839061912415335
"B000YJZ3UE",3.75,3.593570678616668
"B07GWFVGSV",5.0,4.788362109192308
"B009SB8RWA",4.574468085106383,4.153072741857447
"B01DGXJ8BE",3.7818181818181817,3.3041501797236372
"B009UY39FA",2.6666666666666665,2.9585493623666665
"B07PLCQPKN",4.333333333333333,3.8804789036000003
"B013RJE7QI",4.073684210526316,3.8751158976315794
"B08L84KT7L",4.407407407407407,4.0611500864648145
"B08P4XSJYQ",4.909090909090909,4.368527864130304
"B08CLXMGN7",4.454545454545454,3.9511565452909094
"B01LQUMIY8",4.0,3.0689959335
"B000VL4G08",4.2594936708860756,4.054855609022785
"B07MJDSJLH",4.074074074074074,3.9157971194518515
"B01DW5LBDE",5.0,4.4603218735
"B0040ZOFTI",4.913043478260869,4.527888165885507
"B005ENTBTE",3.0,2.959182573327778
"B01I1AM2NS",4.509803921568627,4.0860220035039205
"B00HK9VAV2",4.857142857142857,4.302119102957143
"B07T89FKLL",5.0,4.69015905865
"B07PBCW8F3",3.1094890510948905,2.8925848457116814
"B001E96LK4",3.189873417721519,3.0634985605582274
"B07W5RK144",4.712765957446808,4.406084043752128
"B01KZOTRG8",4.293333333333333,3.911479844259333
"B008XOSHR8",4.556666666666667,4.188895011021665
"B08D4X9FF3",4.017543859649122,3.6396544500298247
"B07WP39R5C",3.4,3.1868204092
"B07D1B1KJG",4.111940298507463,3.7611281332328357
"B07D14DT45",4.357142857142857,3.9217923282178577
"B00DG8F02Q",4.158576051779935,3.8424774647349516
"B07N84K2GV",4.274193548387097,4.077368888983871
"B003JH7XVK",4.909090909090909,4.801222060663636
"B01LDFKE56",4.488888888888889,4.187119477837777
"B00O2VRQBE",5.0,4.839486005275
"B07ZHR3LLD",3.8484848484848486,3.5876167132484857
"B01FUR9KEY",4.404761904761905,4.086352293676191
"B0882DS9RN",4.2,3.705519676439999
"B07CZ11J19",4.472222222222222,4.2629819003777785
"B07TLFCZW7",4.16969696969697,3.9611893239787923
"B07PNCLYLH",3.5,3.3034914289936674
"B01IAFCSG0",4.666666666666667,3.980357710983333
"B01NA07G79",3.3266666666666667,2.9333587890726682
"B07W7FT8W4",4.666666666666667,4.362018326817283
"B07M6PK8QN",4.3076923076923075,4.236876487315386
"B072FH7V5H",4.428571428571429,4.080701755175209
"B00GAAMS2M",4.477611940298507,3.961464108193286
"B003PGRR5W",4.236666666666666,3.7823275725470036
"B000MCXOR2",3.9757575757575756,3.675130925360607
"B07QH37RJR",4.4,3.4052089852800003
"B07MWWBN9Y",4.142857142857143,3.8728923382666665
"B0040ZOF48",4.733333333333333,4.560470919739999
"B07GPQ47F7",4.817204301075269,4.471769256967207
"B01B1Y90JK",4.684210526315789,4.439585462275001
"B07H9DVLBB",3.716666666666667,3.355476025408668
"B00B0GSDPW",4.755813953488372,4.594519728056977
"B001KZMJ94",4.2745098039215685,3.903261297866668
"B07KLQJ66T",3.5783132530120483,3.2961931523373478
"B07ZS9W6CB",4.065573770491803,3.8162445557221307
"B07WF8SXVW",4.407407407407407,3.837012826933333
"B07KLY4RYG",2.2662337662337664,2.251539830567208
"B076QGRM86",3.3703703703703702,3.3391988007296303
"B00V3PFQ14",4.111111111111111,4.021840226977777
"B00BDGHI82",4.093023255813954,3.819941732231978
"B08F7BVC81",4.363636363636363,4.215820305127273
"B08DXGNFQZ",3.6666666666666665,3.587202511833334
"B00B7NVQ98",3.325,3.2234359106375003
"B004UICH5O",4.067226890756302,3.8236022760974806
"B0052EE76M",4.896774193548387,4.686021915643869
"B00U4PIC3S",3.8421052631578947,3.659933707515789
"B012T2E5CA",4.541666666666667,3.9929604059874992
"B07T3R8PL4",5.0,4.62113131035
"B0010WNMK2",3.6826923076923075,3.411645842645193
"B084PM4NFG",4.015873015873016,3.801540833411111
"B0839BFR5Y",4.107142857142857,3.7226951439357143
"B0089OZKW2",4.866666666666666,4.591852137666667
"B01M9GSQST",4.0711974110032365,3.760592462629771
"B08BXJ2TV3",3.6666666666666665,2.6830081494999996
"B07PQHJL1N",4.116788321167883,3.7196236986036495
"B07N4PKF1T",4.0212765957446805,3.7059807037936183
"B07K3TT34H",4.2,3.8383522920400006
"B0113ZHYYK",4.391304347826087,4.004496896657391
"B07MVGNQXV",3.8823529411764706,3.383351269982353
"B07D5PXH3N",3.611111111111111,3.374400131788889
"B010MTZ9H2",4.8053097345132745,4.605994211158405
"B07YXG2ZFJ",4.028169014084507,3.7739049495859165
"B00TP9N0YK",4.333333333333333,4.2576574293444445
"B003X274KG",4.944444444444445,4.645577083644444
"B087HH61LR",4.378947368421053,4.185400048758948
"B071S3DXJ5",3.6666666666666665,3.365965035221428
"B00CA8IWYG",4.333333333333333,3.581615784266667
"B004YNPFE0",4.329896907216495,4.080287962770103
"B008HV5WPW",4.483333333333333,4.2299760073609995
"B01CAFWS2K",5.0,3.5253065622
"B0882CJM45",4.142857142857143,3.896835032128571
"B07NC86BSC",4.76,4.2442739464959995
"B00AU0OSTE",4.666666666666667,4.037157476177778
"B087R28S2X",4.382352941176471,4.002012518467646
"B0785W4HS7",4.978260869565218,4.487397369571739
"B000BARF8Y",4.0,3.6714330460853657
"B00BUBU6Z2",4.0636363636363635,3.8192224781645456
"B001B0E7M0",4.363636363636363,4.170778839876621
"B0045HAXGK",5.0,4.657265217360001
"B0734733WX",4.0,3.8834218008250003
"B00BUCB5YM",4.666666666666667,4.249108816950001
"B001AI69KG",4.222222222222222,4.049443361684445
"B082QCY5SV",4.705882352941177,4.289828117482353
"B08QV4F2QD",5.0,4.4790673401
"B009D4HT30",5.0,4.2791160719
"B07P6YLL7C",3.2933333333333334,3.0642558970660008
"B00099XJXC",4.344,3.986405826536798
"B00HK999Y2",4.0,3.8606937587
"B078HKWN7P",3.823529411764706,3.3159633656235297
"B009SX8DYU",3.967391304347826,3.806863565133695
"B07QJ78SCH",4.036144578313253,3.637077172469881
"B001A3S4FE",4.611111111111111,4.258755672368179
"B001AI0PN8",4.677777777777778,4.43150730055
"B01LKCA9VG",3.63265306122449,3.2947324048959192
"B000DEN3KM",4.5396825396825395,4.173616830039682
"B01IPN8S16",4.70945945945946,4.167677811283783
"B00YPJ83XS",3.554140127388535,3.305995619493631
"B01LVXWIAK",4.705501618122978,4.438073202577667
"B07PV17SD3",5.0,4.8459250552
"B000EH0OQY",3.8588235294117648,3.693476484710587
"B08HJG698H",4.055555555555555,3.852680645422222
"B0050JKRF4",4.4523809523809526,4.0409110783476185
"B001E6CTYO",4.034013605442177,3.7181340983217677
"B07NVVVCV2",4.2727272727272725,4.005518877569319
"B072R7BB3C",4.8,4.439705241325
"B078GCYC67",4.053333333333334,3.7809270878173327
"B07WZBGJ8R",4.1891891891891895,3.9013006519108115
"B00DEN7VRU",3.6145833333333335,3.501063094116667
"B0094BML3A",4.296296296296297,3.95547705538148
"B00004UE8I",4.294117647058823,4.130750317187255
"B082MPMFWS",4.575581395348837,4.166025164975003
"B07JDSK31V",3.6666666666666665,3.6405886490999997
"B00TT1I7VU",4.852941176470588,4.620249452282353
"B00SLKJ9ZI",3.5,3.44757834375
"B0063CW3IQ",4.647058823529412,4.222557302111766
"B082QC2MCX",4.416666666666667,3.8309523537433345
"B077TN7L3R",4.476666666666667,4.038448194286002
"B08KG648X4",4.371794871794871,3.986475724125643
"B08CVW3KTF",4.083333333333333,3.8308471086166658
"B08288HYH1",4.2,3.8383522920400006
"B07TWCY6SL",4.695652173913044,4.408930550236956
"B007UGLCK4",4.297297297297297,4.069523475208107
"B00X3OQ6N0",3.8181818181818183,3.589421554381818
"B007Z6T21A",3.25,3.2619788650687496
"B075VHXQ3D",4.333333333333333,3.745587036128334
"B01647H852",4.590062111801243,4.357371355934783
"B086MNYYZJ",4.75,4.490956459325
"B000TVQHO8",4.412698412698413,4.121096242395236
"B081BP2DY1",4.269230769230769,3.8025134970711543
"B01NBVHMQO",4.229166666666667,4.085794834985416
"B001AI2UWM",4.677777777777778,4.43150730055
"B01AL682V6",4.6,4.49707797426
"B0040ZOIZO",4.291338582677166,3.8474127636944884
"B082WNDD15",4.0,3.7423108866700003
"B009D4SYVQ",3.0,2.48212434765
"B007RG86BU",4.264150943396227,4.011625369579246
"B00K6BD78U",3.925925925925926,3.5510385229888883
"B07DNQTGM4",4.277777777777778,3.9173688086888894
"B00368CAV0",4.87958115183246,4.6705105283078545
"B004Q04TY8",4.72463768115942,4.496150623004349
"B00N33UT84",4.098360655737705,3.8534018368737692
"B083TT4XVN",3.11340206185567,2.9076639806932962
"B0040ZOF9S",4.680851063829787,4.45917784211702
"B001CI6Z8U",4.205128205128205,3.9627264139346154
"B005XK3W34",3.7672955974842766,3.4581369116201266
"B0829DQHYS",5.0,4.5800479848
"B000PQY1I6",4.3933333333333335,4.187299558453666
"B00839S2K0",4.315789473684211,3.8466642316789477
"B00LOL4QWW",3.6,3.54784999492
"B00IAVV5NW",4.388059701492537,4.089942311000001
"B0062BPMK4",4.0,3.801134499476001
"B008RT8BMA",4.0,3.7426199843000005
"B07FXY6QBQ",4.016666666666667,3.6070677009633334
"B06Y4B37PZ",4.222222222222222,3.8259072703111108
"B079P7SP6K",3.4722222222222223,3.2292314384111114
"B07MRPGS68",3.6455696202531644,3.159084597702533
"B07BGLJRWZ",4.076666666666667,3.703655352240667
"B01IAHZNPG",3.7142857142857144,3.1958438946142858
"B00DGPLWQC",4.51063829787234,4.076664008240427
"B005KCOD6U",4.625,4.5857219647875
"B00B7U0J9O",3.7288135593220337,3.540089628347457
"B076T53D6G",4.0,3.783831317282353
"B0113ZI5DO",4.545454545454546,4.337705630436363
"B0190UX1HO",4.608695652173913,4.432696246386957
"B00O6UB1XU",4.625,4.283969189168751
"B00J11JBX6",4.05,3.77665718593
"B00GZG132M",4.333333333333333,3.9857986943222223
"B084LLGPG3",5.0,4.8734682216500005
"B01N9T4D7W",4.170731707317073,3.905687118817074
"B001C0C6PO",4.414634146341464,4.185965370121952
"B08X9B1VS3",5.0,4.45593585385
"B019SWM33M",5.0,4.7560216386333325
"B000MD3EH6",4.2894736842105265,4.053388552592106
"B01IZ5EZG6",4.12621359223301,3.8727601577119715
"B005V0EI4I",4.571428571428571,4.479134027242858
"B004IEAMQQ",4.341085271317829,4.037262972611629
"B07DBHB6D4",4.416666666666667,4.2512180418
"B000GAZ3EC",4.166666666666667,3.818480848392156
"B08372QZ5P",4.020618556701031,3.802500587176289
"B0828FB1G7",4.565217391304348,4.230348195230435
"B001DMFOI2",4.754098360655738,4.415973866942623
"B01ND4GNC4",3.8,3.73552565186
"B07F46382S",3.6363636363636362,3.6715985877454544
"B07SNF41JB",4.333333333333333,4.079167551394445
"B083WFYZ6K",4.037878787878788,3.7163854800015175
"B077H749CT",5.0,4.584238202300001
"B0837H2Z63",5.0,4.6414415321
"B07TZPQB83",4.705426356589148,4.406123725195345
"B081QRWGSF",4.65625,4.3610547566874995
"B004RCXB8A",4.25984251968504,4.041217221152756
"B07JMHG1ZP",4.4,4.10510302537
"B07MHNXLGT",4.462962962962963,4.0466633320388885
"B011LWH21K",5.0,4.298951390881819
"B08HWCCS6S",3.7482517482517483,3.41215594977902
"B000YMANLA",4.338235294117647,4.000132627223528
"B00IELD78O",4.508620689655173,4.220546575553451
"B07WMVTXW3",5.0,4.5573215473
"B00J48U2O8",4.538461538461538,4.2887253793282065
"B07S8F6MJR",4.5,4.22567743435
"B001DKXHH4",4.142857142857143,4.031300252971429
"B07VBNCH1B",4.6,4.338392632140001
"B08YMR7TCL",4.0,4.2629816610999995
"B01M7V7KLU",4.4,4.1124952526900005
"B01AYON69S",4.673913043478261,4.430134545173913
"B004NG98AA",3.9444444444444446,3.747565557940741
"B001B5NMD0",3.789473684210526,3.5527371918473674
"B00IXLPO8G",3.9622641509433962,3.6465348507877358
"B07P97BQR9",4.568627450980392,4.224494780137255
"B078SXFQHR",4.066666666666666,3.8268637184586667
"B01M0UDA3D",4.463768115942029,4.020810813588405
"B009SIO9ZW",4.553719008264463,4.236127526745457
"B084DQ9VWM",4.777777777777778,4.627742033483334
"B078G9FG4Y",4.51948051948052,4.22221980165844
"B014V6RA7O",4.590062111801243,4.357371355934783
"B087NMHF1F",1.0,1.0218738611
"B08MPV6FL5",4.909090909090909,4.132865877663636
"B079YJS7G8",4.857142857142857,4.479199757291837
"B00KAFMVV6",4.5,4.223274707183333
"B0786PGHFB",4.166666666666667,3.9265663784400004
"B01BESQYJW",4.446280991735537,4.049321675339671
"B000BQW6LE",4.4714285714285715,4.110481083885716
"B08B1WYNB8",4.375,4.07374624088125
"B008ATM5YC",4.571428571428571,4.150720078846033
"B07D3DDMXK",4.238095238095238,3.8607664503285717
"B003VARG8K",4.67741935483871,4.367478995380645
"B004YJV1UG",4.545454545454546,4.234198093311365
"B01ABI8T3A",4.163934426229508,3.8458716301114775
"B07864RVG6",5.0,4.505957640886667
"B01NCPUCQP",4.782608695652174,4.550385720193478
"B01N91RN0P",4.0476190476190474,3.8446321142357154
"B08DWVZCWH",4.575342465753424,4.375408583073972
"B00982Y2QE",4.490909090909091,4.272385736664545
"B071VM3972",2.625,2.6813197788000003
"B079KGV53H",4.682242990654205,4.406776813780374
"B07R7CJSQJ",5.0,4.8012291563
"B00VBP5TQS",4.532467532467533,4.228204412572728
"B01N6GA8SQ",4.54601226993865,4.055495636042333
"B00310O4P8",4.164634146341464,3.984916844792073
"B07H2DVG21",4.25,4.0825606325
"B001AI69KQ",4.445378151260504,4.336621256579832
"B0762PS6DN",3.816666666666667,3.4833667512693327
"B0113ZHXY6",3.0,3.6345463489000003
"B07QY93GR4",1.0,1.0466868703
"B077NHF3VW",4.142857142857143,3.749628254139607
"B000XBDJG8",4.0,3.8382587379130433
"B00GTKF9IS",5.0,4.643043803
"B001GN6L4Y",4.753623188405797,4.335633259671015
"B0150AJZY6",4.529411764705882,4.260104250429412
"B004PB93AI",4.329113924050633,4.087103204246203
"B00PUQNJ6G",3.8055555555555554,3.683986404099999
"B0747NFLG6",4.428571428571429,4.278765475566667
"B00MFW358A",4.461538461538462,4.241241801943076
"B082QBPDJC",4.25,3.9428676031836543
"B00T62C1PK",4.481927710843373,4.125209832825301
"B00XQEOTMC",3.9571428571428573,3.582859750452857
"B004RMC2OO",4.7,4.207034027360001
"B01JYUKIX0",3.8771929824561404,3.7402045742368424
"B01DWE0EK6",1.0,2.1056848996
"B00EON26O2",4.4068627450980395,4.196616367622545
"B01A8JVO8E",3.6666666666666665,3.1958104709142856
"B00HK9SICQ",4.928571428571429,4.521715137357143
"B0845CXZ68",4.536585365853658,4.1886504532585365
"B014SP0ZA2",3.830188679245283,3.5614029849000004
"B009D4HPXE",4.3,3.9250094052899995
"B000FNDFHW",4.464285714285714,4.150178106982142
"B0054MQBDY",4.9411764705882355,4.3988113045705886
"B0002Q7ZIW",4.767123287671233,4.432377106463012
"B08GLJBP11",4.0,3.839869198316667
"B001AI0PP6",4.677777777777778,4.43150730055
"B08X984898",4.6,4.34402855672
"B07ZZPNFRT",4.160919540229885,3.789115693291955
"B008B9L6WS",4.333333333333333,3.9440637468770015
"B01CR5MIYQ",4.409090909090909,4.271008891218182
"B001V0OI4C",4.516304347826087,4.233081405893479
"B000VORS1E",4.216666666666667,3.8907716108869983
"B07QKC8K14",3.625,3.4593665763875006
"B087XVPVDG",4.0,3.1499097608
"B0000A1G05",4.42,4.183817833051333
"B01N9UX2YN",4.428571428571429,4.058339466589012
"B004RMDU54",4.7,4.207034027360001
"B0170IUUDQ",3.375,2.9300595573874997
"B0853Q3Z93",4.5,4.171244172321876
"B01AXZSI14",4.5,4.2616452886700005
"B00181D6KQ",4.3,4.0555762496200005
"B007KFWS2G",4.581632653061225,4.371263194634693
"B004ZL9QKA",4.76,4.532215760156666
"B07P7R747Z",4.555555555555555,4.106671498444445
"B078NG6F9T",4.285714285714286,4.203261356261906
"B008NYJ6D2",3.4834710743801653,3.313049079063224
"B0875QC7KC",4.4423076923076925,4.077606191142308
"B003YP28G2",4.179775280898877,3.933945315335954
"B07LBNFZDP",4.239130434782608,3.8713742001869584
"B005F7QOUI",4.0,3.5941472703627446
"B01K8H78P4",4.864583333333333,4.514460706653126
"B002XH17BE",4.4,4.203976988237892
"B00IJO1JFO",4.045454545454546,3.8070912365409098
"B08937VD6Z",4.073170731707317,3.7947205088219502
"B0040ZOI1S",4.266666666666667,3.9862717015336657
"B0895XP6FJ",4.85,4.5319361326099985
"B06ZZFR452",3.917910447761194,3.5875571740798526
"B07SJP8QV3",5.0,4.9495679303
"B0006GE3CO",4.757575757575758,4.441763530306061
"B08G9N4GBW",4.590909090909091,4.227895758729546
"B07XZC5JY6",5.0,4.162795408239999
"B078H7XLT1",4.357142857142857,3.8718671544928576
"B00AU6DKVK",4.282894736842105,4.090116199902632
"B07MZB4NYJ",4.682352941176471,4.38077548896
"B07CSLM1X8",4.609195402298851,4.331027790570116
"B06X6GQPWL",4.659574468085107,4.260301286237589
"B07GDP1FF6",2.8048780487804876,2.672703896063414
"B0040ZOF8O",2.5,3.0481064607499997
"B008UFAI9K",4.619047619047619,4.300431523711904
"B009T8QURG",4.761904761904762,4.499082820404763
"B008D81A0A",3.75,3.5521517984183344
"B008YXFUPK",4.875,4.677050885612501
"B00186RF62",4.33678756476684,3.934840356473577
"B004KQDIJ0",3.96,3.667969382669999
"B000CP8FQE",4.575342465753424,4.1602127799
"B004IEAMR0",3.125,2.932992807562501
"B081TYMCL4",4.454545454545454,4.125343912909091
"B088ZTVL7Z",4.3,3.77353118763
"B00700QTS0",4.5,4.196174205077778
"B001AI0NOE",4.605504587155964,4.356886713277982
"B00HK8ZAAA",3.5,3.4640673940999998
"B009T8RETO",5.0,4.753650539471429
"B007HRO4X8",4.777777777777778,4.340047963461111
"B000YT1WDQ",4.666666666666667,4.474705169799999
"B00CBNIET8",3.5,3.2705013120000004
"B07V22XN83",4.283333333333333,4.025190622917666
"B08NMXWLXR",4.320754716981132,4.031111019907548
"B088ZPZN8K",4.833333333333333,4.261170829158334
"B00V3BYBJ6",4.142857142857143,3.664473280071429
"B001SR78BS",4.594594594594595,4.412784198308109
"B00RBSUF18",4.394160583941606,4.188151524965693
"B06XNKCQ3C",4.238095238095238,4.061648650204762
"B088HGPN8C",4.7,4.386055483050001
"B00U03708C",3.68,3.318070395380001
"B005K6JQXQ",3.4166666666666665,3.2166855663680014
"B085LTMQDR",4.301369863013699,3.9366528594931496
"B001AI4H32",4.677777777777778,4.43150730055
"B07D1CT9DX",3.901734104046243,3.5667450643803456
"B08CGM223X",4.470588235294118,3.8697821262
"B01ACIAU4A",4.7611940298507465,4.457754266635821
"B07NQNRXZY",4.6,4.274443545834286
"B07B1Q65HX",4.48,4.227748343532
"B079T1WTB1",4.82,4.287131803000001
"B01MYGU8BA",4.875,4.453327502137499
"B075D82SQB",4.681818181818182,4.242294444695455
"B07YLKXV11",3.7133333333333334,3.4164660198253327
"B07GJQGMJ3",3.8904109589041096,3.568946697996576
"B000RZSJJM",4.6422018348623855,4.23235127939266
"B0844XBRJS",4.045454545454546,3.8341880230590903
"B08B9B1BKZ",2.6,2.49750316478
"B001AI4HR8",4.557575757575758,4.343358580823635
"B07SDR58Z1",4.0,3.6912837068
"B07PWFVFN2",3.757575757575758,3.429280678860607
"B07BFD85H4",3.2666666666666666,3.1555338323786657
"B01N11ZSUU",4.097560975609756,3.8828580352878053
"B087T1LXV9",3.5,3.443236855022
"B00I02OMJU",4.8,4.5275261179
"B00D76RNLS",4.02,3.75914961601867
"B081FTQCYN",2.879120879120879,2.8022095993560443
"B000CQOIR8",3.4433333333333334,3.2631495028623334
"B008I8C9CS",4.555555555555555,4.373995799899999
"B01DRINT36",4.53125,4.204934024325625
"B001OMI9HE",3.9740259740259742,3.8180307971090914
"B01MU7YDQ5",4.537037037037037,4.08559292852778
"B07FXVSKRZ",3.841463414634146,3.5136332791865854
"B00BDGHIBE",3.675675675675676,3.647514323791892
"B0059HJHS0",4.2073170731707314,3.9635422051865854
"B077H2CBYM",4.2105263157894735,3.7524371526684206
"B004J8KTVE",4.081761006289308,3.736083695220124
"B07D18XWLS",4.411764705882353,4.128643075302941
"B077NHB343",4.39,4.088517680646666
"B08C6KY4PH",4.416666666666667,4.232360769499999
"B0002ZWSVC",4.285714285714286,4.207734694680952
"B084HTYYHQ",4.7272727272727275,4.49341234000909
"B0846GJ59T",4.181818181818182,3.8266161476389606
"B07DMH3Q97",3.0,3.12874073355
"B00IYSRW7E",4.343558282208589,4.2451998958883435
"B07T7HV7D2",4.8,4.404887350259999
"B01969N12Y",4.657894736842105,4.1300036320473685
"B00L6F16L0",3.986666666666667,3.6550036285326657
"B0000AS5RQ",3.953271028037383,3.8651633499168225
"B07PCDY7G9",4.1923076923076925,3.759060733630769
"B007PKBQME",4.840909090909091,4.611061458265909
"B00FZ2YEDC",2.935483870967742,2.867899486716129
"B079SRHRRV",2.6595744680851063,2.6767407223468083
"B00N34A0FA",3.945945945945946,3.8493531982972966
"B00DG8EZKO",4.415584415584416,4.034457707405192
"B002OLZ3O6",3.7445255474452557,3.457376652919708
"B00FQRCAMS",3.7971014492753623,3.5388920857115944
"B07P7M32QN",4.419354838709677,4.209861609267741
"B06Y29P334",4.433333333333334,4.003481552144445
"B000NLWUOU",4.351851851851852,4.083167564800001
"B07HR31D3P",3.9615384615384617,3.7206560054307687
"B005Q4900Q",4.363636363636363,4.055384564522728
"B08755Z2ND",4.488095238095238,3.9885091965976196
"B07XSDM1LF",4.283333333333333,4.025190622917666
"B074L6YF9P",4.569506726457399,4.297108454572196
"B0899QTCXK",4.806451612903226,4.555694143169354
"B07LCM7WV2",4.102941176470588,3.7226046783308813
"B00JY4HOM0",3.7837837837837838,3.774873918635135
